host_ts_ms,packet_number,time_offset_us,n_channels,ch0_type,ch0_status,ch0_value,ch1_type,ch1_status,ch1_value,ch2_type,ch2_status,ch2_value,ch3_type,ch3_status,ch3_value,ch4_type,ch4_status,ch4_value,ch5_type,ch5_status,ch5_value,ch6_type,ch6_status,ch6_value,ch7_type,ch7_status,ch7_value
1770054008069,48,0,5,0,0,4.77906,0,0,-0.000515699,0,0,0,0,0,0,0,0,0,0,0,0,0,0,0,0,0,0
1770054008069,49,500,5,0,0,4.85075,0,0,-0.000476122,0,0,0,0,0,0,0,0,0,0,0,0,0,0,0,0,0,0
1770054008069,50,501,5,0,0,4.90998,0,0,-0.000512838,0,0,0,0,0,0,0,0,0,0,0,0,0,0,0,0,0,0
1770054008069,51,500,5,0,0,4.87257,0,0,-0.000493288,0,0,0,0,0,0,0,0,0,0,0,0,0,0,0,0,0,0
1770054008069,52,501,5,0,0,4.85387,0,0,-0.000492811,0,0,0,0,0,0,0,0,0,0,0,0,0,0,0,0,0,0
1770054008070,53,500,5,0,0,4.79776,0,0,-0.000504971,0,0,0,0,0,0,0,0,0,0,0,0,0,0,0,0,0,0
1770054008070,54,500,5,0,0,4.80088,0,0,-0.000503778,0,0,0,0,0,0,0,0,0,0,0,0,0,0,0,0,0,0
1770054008070,55,500,5,0,0,4.83517,0,0,-0.000487566,0,0,0,0,0,0,0,0,0,0,0,0,0,0,0,0,0,0
1770054008071,56,500,5,0,0,4.77594,0,0,-0.000515699,0,0,0,0,0,0,0,0,0,0,0,0,0,0,0,0,0,0
1770054008071,57,500,5,0,0,4.74477,0,0,-0.000495672,0,0,0,0,0,0,0,0,0,0,0,0,0,0,0,0,0,0
1770054008072,58,500,5,0,0,4.78841,0,0,-0.000507116,0,0,0,0,0,0,0,0,0,0,0,0,0,0,0,0,0,0
1770054008072,59,500,5,0,0,4.9131,0,0,-0.000499487,0,0,0,0,0,0,0,0,0,0,0,0,0,0,0,0,0,0
1770054008073,60,500,5,0,0,4.94427,0,0,-0.000482082,0,0,0,0,0,0,0,0,0,0,0,0,0,0,0,0,0,0
1770054008073,61,500,5,0,0,4.88816,0,0,-0.000495672,0,0,0,0,0,0,0,0,0,0,0,0,0,0,0,0,0,0
1770054008074,62,500,5,0,0,4.85075,0,0,-0.000504971,0,0,0,0,0,0,0,0,0,0,0,0,0,0,0,0,0,0
1770054008074,63,500,5,0,0,4.85075,0,0,-0.000482321,0,0,0,0,0,0,0,0,0,0,0,0,0,0,0,0,0,0
1770054008075,0,500,5,0,0,4.83205,0,0,-0.000503778,0,0,0,0,0,0,0,0,0,0,0,0,0,0,0,0,0,0
1770054008075,1,500,5,0,0,4.86946,0,0,-0.000496149,0,0,0,0,0,0,0,0,0,0,0,0,0,0,0,0,0,0
1770054008076,2,500,5,0,0,4.88816,0,0,-0.00047946,0,0,0,0,0,0,0,0,0,0,0,0,0,0,0,0,0,0
1770054008076,3,500,5,0,0,4.87257,0,0,-0.000506401,0,0,0,0,0,0,0,0,0,0,0,0,0,0,0,0,0,0
1770054008077,4,500,5,0,0,5.00662,0,0,-0.000507593,0,0,0,0,0,0,0,0,0,0,0,0,0,0,0,0,0,0
1770054008077,5,501,5,0,0,4.76347,0,0,-0.000480652,0,0,0,0,0,0,0,0,0,0,0,0,0,0,0,0,0,0
1770054008078,6,500,5,0,0,4.79464,0,0,-0.000507116,0,0,0,0,0,0,0,0,0,0,0,0,0,0,0,0,0,0
1770054008078,7,501,5,0,0,4.78217,0,0,-0.000508547,0,0,0,0,0,0,0,0,0,0,0,0,0,0,0,0,0,0
1770054008079,8,500,5,0,0,4.84452,0,0,-0.000482321,0,0,0,0,0,0,0,0,0,0,0,0,0,0,0,0,0,0
1770054008079,9,501,5,0,0,4.86946,0,0,-0.000505686,0,0,0,0,0,0,0,0,0,0,0,0,0,0,0,0,0,0
1770054008080,10,500,5,0,0,4.82582,0,0,-0.000507116,0,0,0,0,0,0,0,0,0,0,0,0,0,0,0,0,0,0
1770054008080,11,500,5,0,0,4.76347,0,0,-0.000490427,0,0,0,0,0,0,0,0,0,0,0,0,0,0,0,0,0,0
1770054008081,12,500,5,0,0,4.7697,0,0,-0.000506401,0,0,0,0,0,0,0,0,0,0,0,0,0,0,0,0,0,0
1770054008081,13,500,5,0,0,4.86946,0,0,-0.000505686,0,0,0,0,0,0,0,0,0,0,0,0,0,0,0,0,0,0
1770054008082,14,500,5,0,0,4.90063,0,0,-0.000476122,0,0,0,0,0,0,0,0,0,0,0,0,0,0,0,0,0,0
1770054008082,15,500,5,0,0,4.81646,0,0,-0.000504971,0,0,0,0,0,0,0,0,0,0,0,0,0,0,0,0,0,0
1770054008083,16,500,5,0,0,4.85699,0,0,-0.000499964,0,0,0,0,0,0,0,0,0,0,0,0,0,0,0,0,0,0
1770054008083,17,500,5,0,0,4.90998,0,0,-0.000481844,0,0,0,0,0,0,0,0,0,0,0,0,0,0,0,0,0,0
1770054008084,18,500,5,0,0,4.79776,0,0,-0.00050807,0,0,0,0,0,0,0,0,0,0,0,0,0,0,0,0,0,0
1770054008084,19,500,5,0,0,4.88816,0,0,-0.000503302,0,0,0,0,0,0,0,0,0,0,0,0,0,0,0,0,0,0
1770054008084,20,500,5,0,0,4.90998,0,0,-0.000469208,0,0,0,0,0,0,0,0,0,0,0,0,0,0,0,0,0,0
1770054008086,21,507,5,0,0,4.9848,0,0,-0.000505686,0,0,0,0,0,0,0,0,0,0,0,0,0,0,0,0,0,0
1770054008086,22,493,5,0,0,4.90063,0,0,-0.000509024,0,0,0,0,0,0,0,0,0,0,0,0,0,0,0,0,0,0
1770054008088,23,507,5,0,0,4.87257,0,0,-0.000487566,0,0,0,0,0,0,0,0,0,0,0,0,0,0,0,0,0,0
1770054008088,24,493,5,0,0,4.7323,0,0,-0.00050807,0,0,0,0,0,0,0,0,0,0,0,0,0,0,0,0,0,0
1770054008089,25,508,5,0,0,4.76347,0,0,-0.000502348,0,0,0,0,0,0,0,0,0,0,0,0,0,0,0,0,0,0
1770054008089,26,493,5,0,0,4.86322,0,0,-0.00047183,0,0,0,0,0,0,0,0,0,0,0,0,0,0,0,0,0,0
1770054008090,27,500,5,0,0,4.89128,0,0,-0.000506163,0,0,0,0,0,0,0,0,0,0,0,0,0,0,0,0,0,0
1770054008090,28,500,5,0,0,4.83205,0,0,-0.000501871,0,0,0,0,0,0,0,0,0,0,0,0,0,0,0,0,0,0
1770054008090,29,501,5,0,0,4.83828,0,0,-0.000485659,0,0,0,0,0,0,0,0,0,0,0,0,0,0,0,0,0,0
1770054008090,30,501,5,0,0,4.81958,0,0,-0.000509262,0,0,0,0,0,0,0,0,0,0,0,0,0,0,0,0,0,0
1770054008090,31,500,5,0,0,4.80088,0,0,-0.000505209,0,0,0,0,0,0,0,0,0,0,0,0,0,0,0,0,0,0
1770054008091,32,500,5,0,0,4.9318,0,0,-0.000479937,0,0,0,0,0,0,0,0,0,0,0,0,0,0,0,0,0,0
1770054008091,33,500,5,0,0,4.81335,0,0,-0.000509262,0,0,0,0,0,0,0,0,0,0,0,0,0,0,0,0,0,0
1770054008092,34,507,5,0,0,4.78217,0,0,-0.000496387,0,0,0,0,0,0,0,0,0,0,0,0,0,0,0,0,0,0
1770054008092,35,493,5,0,0,4.93804,0,0,-0.000496626,0,0,0,0,0,0,0,0,0,0,0,0,0,0,0,0,0,0
1770054008093,36,501,5,0,0,4.85387,0,0,-0.000514269,0,0,0,0,0,0,0,0,0,0,0,0,0,0,0,0,0,0
1770054008093,37,500,5,0,0,4.7697,0,0,-0.000496387,0,0,0,0,0,0,0,0,0,0,0,0,0,0,0,0,0,0
1770054008094,38,501,5,0,0,4.8944,0,0,-0.000465155,0,0,0,0,0,0,0,0,0,0,0,0,0,0,0,0,0,0
1770054008094,39,500,5,0,0,4.94739,0,0,-0.000511885,0,0,0,0,0,0,0,0,0,0,0,0,0,0,0,0,0,0
1770054008095,40,501,5,0,0,4.78841,0,0,-0.000498533,0,0,0,0,0,0,0,0,0,0,0,0,0,0,0,0,0,0
1770054008095,41,500,5,0,0,4.85699,0,0,-0.000479221,0,0,0,0,0,0,0,0,0,0,0,0,0,0,0,0,0,0
1770054008096,42,501,5,0,0,4.77906,0,0,-0.000500441,0,0,0,0,0,0,0,0,0,0,0,0,0,0,0,0,0,0
1770054008096,43,500,5,0,0,4.751,0,0,-0.000504732,0,0,0,0,0,0,0,0,0,0,0,0,0,0,0,0,0,0
1770054008098,44,501,5,0,0,4.83517,0,0,-0.000475645,0,0,0,0,0,0,0,0,0,0,0,0,0,0,0,0,0,0
1770054008098,45,500,5,0,0,4.79776,0,0,-0.000505209,0,0,0,0,0,0,0,0,0,0,0,0,0,0,0,0,0,0
1770054008099,46,501,5,0,0,4.81646,0,0,-0.000503302,0,0,0,0,0,0,0,0,0,0,0,0,0,0,0,0,0,0
1770054008099,47,500,5,0,0,4.80088,0,0,-0.000495195,0,0,0,0,0,0,0,0,0,0,0,0,0,0,0,0,0,0
1770054008100,48,501,5,0,0,4.84452,0,0,-0.000503778,0,0,0,0,0,0,0,0,0,0,0,0,0,0,0,0,0,0
1770054008100,49,499,5,0,0,4.80088,0,0,-0.00050211,0,0,0,0,0,0,0,0,0,0,0,0,0,0,0,0,0,0
1770054008101,50,501,5,0,0,4.78841,0,0,-0.000476122,0,0,0,0,0,0,0,0,0,0,0,0,0,0,0,0,0,0
1770054008101,51,499,5,0,0,4.78217,0,0,-0.000510454,0,0,0,0,0,0,0,0,0,0,0,0,0,0,0,0,0,0
1770054008102,52,501,5,0,0,4.83205,0,0,-0.000497103,0,0,0,0,0,0,0,0,0,0,0,0,0,0,0,0,0,0
1770054008102,53,499,5,0,0,4.76347,0,0,-0.000507116,0,0,0,0,0,0,0,0,0,0,0,0,0,0,0,0,0,0
1770054008103,54,501,5,0,0,4.82582,0,0,-0.000502348,0,0,0,0,0,0,0,0,0,0,0,0,0,0,0,0,0,0
1770054008103,55,499,5,0,0,4.86322,0,0,-0.000478983,0,0,0,0,0,0,0,0,0,0,0,0,0,0,0,0,0,0
1770054008103,56,500,5,0,0,4.96298,0,0,-0.000502825,0,0,0,0,0,0,0,0,0,0,0,0,0,0,0,0,0,0
1770054008103,57,499,5,0,0,4.87569,0,0,-0.000510693,0,0,0,0,0,0,0,0,0,0,0,0,0,0,0,0,0,0
1770054008104,58,500,5,0,0,4.85075,0,0,-0.000482321,0,0,0,0,0,0,0,0,0,0,0,0,0,0,0,0,0,0
1770054008104,59,499,5,0,0,4.7697,0,0,-0.000509262,0,0,0,0,0,0,0,0,0,0,0,0,0,0,0,0,0,0
1770054008105,60,500,5,0,0,4.78217,0,0,-0.000497818,0,0,0,0,0,0,0,0,0,0,0,0,0,0,0,0,0,0
1770054008105,61,499,5,0,0,4.84452,0,0,-0.00047183,0,0,0,0,0,0,0,0,0,0,0,0,0,0,0,0,0,0
1770054008106,62,500,5,0,0,4.79464,0,0,-0.000494242,0,0,0,0,0,0,0,0,0,0,0,0,0,0,0,0,0,0
1770054008106,63,499,5,0,0,4.82582,0,0,-0.000506639,0,0,0,0,0,0,0,0,0,0,0,0,0,0,0,0,0,0
1770054008107,0,501,5,0,0,4.86946,0,0,-0.000486135,0,0,0,0,0,0,0,0,0,0,0,0,0,0,0,0,0,0
1770054008107,1,499,5,0,0,4.8944,0,0,-0.000513554,0,0,0,0,0,0,0,0,0,0,0,0,0,0,0,0,0,0
1770054008108,2,501,5,0,0,4.9131,0,0,-0.000498533,0,0,0,0,0,0,0,0,0,0,0,0,0,0,0,0,0,0
1770054008108,3,499,5,0,0,4.87569,0,0,-0.000472307,0,0,0,0,0,0,0,0,0,0,0,0,0,0,0,0,0,0
1770054008109,4,501,5,0,0,4.82582,0,0,-0.000502348,0,0,0,0,0,0,0,0,0,0,0,0,0,0,0,0,0,0
1770054008109,5,500,5,0,0,4.87257,0,0,-0.000503302,0,0,0,0,0,0,0,0,0,0,0,0,0,0,0,0,0,0
1770054008110,6,501,5,0,0,4.86946,0,0,-0.000482082,0,0,0,0,0,0,0,0,0,0,0,0,0,0,0,0,0,0
1770054008110,7,500,5,0,0,4.88816,0,0,-0.000507832,0,0,0,0,0,0,0,0,0,0,0,0,0,0,0,0,0,0
1770054008111,8,501,5,0,0,4.87257,0,0,-0.000507593,0,0,0,0,0,0,0,0,0,0,0,0,0,0,0,0,0,0
1770054008111,9,500,5,0,0,4.95051,0,0,-0.000476122,0,0,0,0,0,0,0,0,0,0,0,0,0,0,0,0,0,0
1770054008112,10,501,5,0,0,4.81646,0,0,-0.000513554,0,0,0,0,0,0,0,0,0,0,0,0,0,0,0,0,0,0
1770054008112,11,500,5,0,0,4.80711,0,0,-0.00050211,0,0,0,0,0,0,0,0,0,0,0,0,0,0,0,0,0,0
1770054008113,12,501,5,0,0,4.78841,0,0,-0.00048089,0,0,0,0,0,0,0,0,0,0,0,0,0,0,0,0,0,0
1770054008113,13,500,5,0,0,4.83828,0,0,-0.000505209,0,0,0,0,0,0,0,0,0,0,0,0,0,0,0,0,0,0
1770054008114,14,500,5,0,0,4.79776,0,0,-0.000500679,0,0,0,0,0,0,0,0,0,0,0,0,0,0,0,0,0,0
1770054008114,15,500,5,0,0,4.82582,0,0,-0.000473261,0,0,0,0,0,0,0,0,0,0,0,0,0,0,0,0,0,0
1770054008115,16,500,5,0,0,4.83517,0,0,-0.000502348,0,0,0,0,0,0,0,0,0,0,0,0,0,0,0,0,0,0
1770054008115,17,500,5,0,0,4.78217,0,0,-0.000501394,0,0,0,0,0,0,0,0,0,0,0,0,0,0,0,0,0,0
1770054008116,18,500,5,0,0,4.81335,0,0,-0.000482082,0,0,0,0,0,0,0,0,0,0,0,0,0,0,0,0,0,0
1770054008116,19,501,5,0,0,4.80088,0,0,-0.000506639,0,0,0,0,0,0,0,0,0,0,0,0,0,0,0,0,0,0
1770054008117,20,500,5,0,0,4.86946,0,0,-0.000500441,0,0,0,0,0,0,0,0,0,0,0,0,0,0,0,0,0,0
1770054008117,21,500,5,0,0,4.9131,0,0,-0.000468016,0,0,0,0,0,0,0,0,0,0,0,0,0,0,0,0,0,0
1770054008118,22,500,5,0,0,4.80711,0,0,-0.000512362,0,0,0,0,0,0,0,0,0,0,0,0,0,0,0,0,0,0
1770054008118,23,500,5,0,0,4.77906,0,0,-0.000499487,0,0,0,0,0,0,0,0,0,0,0,0,0,0,0,0,0,0
1770054008119,24,500,5,0,0,4.83205,0,0,-0.000490904,0,0,0,0,0,0,0,0,0,0,0,0,0,0,0,0,0,0
1770054008119,25,500,5,0,0,4.90687,0,0,-0.000512362,0,0,0,0,0,0,0,0,0,0,0,0,0,0,0,0,0,0
1770054008120,26,500,5,0,0,4.66995,0,0,-0.000500441,0,0,0,0,0,0,0,0,0,0,0,0,0,0,0,0,0,0
1770054008120,27,500,5,0,0,4.79776,0,0,-0.000468969,0,0,0,0,0,0,0,0,0,0,0,0,0,0,0,0,0,0
1770054008121,28,500,5,0,0,4.83828,0,0,-0.000498533,0,0,0,0,0,0,0,0,0,0,0,0,0,0,0,0,0,0
1770054008121,29,501,5,0,0,4.71983,0,0,-0.000495195,0,0,0,0,0,0,0,0,0,0,0,0,0,0,0,0,0,0
1770054008122,30,500,5,0,0,4.87569,0,0,-0.000481367,0,0,0,0,0,0,0,0,0,0,0,0,0,0,0,0,0,0
1770054008122,31,501,5,0,0,4.81958,0,0,-0.000510454,0,0,0,0,0,0,0,0,0,0,0,0,0,0,0,0,0,0
1770054008123,32,500,5,0,0,4.77594,0,0,-0.000505209,0,0,0,0,0,0,0,0,0,0,0,0,0,0,0,0,0,0
1770054008123,33,501,5,0,0,4.78217,0,0,-0.000471354,0,0,0,0,0,0,0,0,0,0,0,0,0,0,0,0,0,0
1770054008124,34,500,5,0,0,4.81335,0,0,-0.000506401,0,0,0,0,0,0,0,0,0,0,0,0,0,0,0,0,0,0
1770054008124,35,500,5,0,0,4.77906,0,0,-0.000499487,0,0,0,0,0,0,0,0,0,0,0,0,0,0,0,0,0,0
1770054008125,36,500,5,0,0,4.68865,0,0,-0.000490665,0,0,0,0,0,0,0,0,0,0,0,0,0,0,0,0,0,0
1770054008125,37,500,5,0,0,4.77906,0,0,-0.000504255,0,0,0,0,0,0,0,0,0,0,0,0,0,0,0,0,0,0
1770054008126,38,500,5,0,0,4.70736,0,0,-0.000494242,0,0,0,0,0,0,0,0,0,0,0,0,0,0,0,0,0,0
1770054008126,39,500,5,0,0,4.78217,0,0,-0.000464916,0,0,0,0,0,0,0,0,0,0,0,0,0,0,0,0,0,0
1770054008127,40,500,5,0,0,4.81958,0,0,-0.000507593,0,0,0,0,0,0,0,0,0,0,0,0,0,0,0,0,0,0
1770054008127,41,500,5,0,0,4.85387,0,0,-0.000498056,0,0,0,0,0,0,0,0,0,0,0,0,0,0,0,0,0,0
1770054008128,42,500,5,0,0,4.90687,0,0,-0.000487089,0,0,0,0,0,0,0,0,0,0,0,0,0,0,0,0,0,0
1770054008128,43,500,5,0,0,4.90063,0,0,-0.000511885,0,0,0,0,0,0,0,0,0,0,0,0,0,0,0,0,0,0
1770054008130,44,500,5,0,0,4.81335,0,0,-0.00050354,0,0,0,0,0,0,0,0,0,0,0,0,0,0,0,0,0,0
1770054008130,45,500,5,0,0,4.88816,0,0,-0.000475168,0,0,0,0,0,0,0,0,0,0,0,0,0,0,0,0,0,0
1770054008131,46,500,5,0,0,4.86946,0,0,-0.00050807,0,0,0,0,0,0,0,0,0,0,0,0,0,0,0,0,0,0
1770054008131,47,500,5,0,0,4.79776,0,0,-0.000496626,0,0,0,0,0,0,0,0,0,0,0,0,0,0,0,0,0,0
1770054008132,48,500,5,0,0,4.80088,0,0,-0.00047636,0,0,0,0,0,0,0,0,0,0,0,0,0,0,0,0,0,0
1770054008132,49,500,5,0,0,4.76035,0,0,-0.000500917,0,0,0,0,0,0,0,0,0,0,0,0,0,0,0,0,0,0
1770054008133,50,500,5,0,0,4.77594,0,0,-0.000496387,0,0,0,0,0,0,0,0,0,0,0,0,0,0,0,0,0,0
1770054008133,51,500,5,0,0,4.84452,0,0,-0.000471354,0,0,0,0,0,0,0,0,0,0,0,0,0,0,0,0,0,0
1770054008134,52,501,5,0,0,4.81646,0,0,-0.000507116,0,0,0,0,0,0,0,0,0,0,0,0,0,0,0,0,0,0
1770054008134,53,500,5,0,0,4.81958,0,0,-0.000491858,0,0,0,0,0,0,0,0,0,0,0,0,0,0,0,0,0,0
1770054008134,54,501,5,0,0,4.87569,0,0,-0.000502348,0,0,0,0,0,0,0,0,0,0,0,0,0,0,0,0,0,0
1770054008134,55,500,5,0,0,4.92557,0,0,-0.000503302,0,0,0,0,0,0,0,0,0,0,0,0,0,0,0,0,0,0
1770054008136,56,501,5,0,0,4.94427,0,0,-0.00048852,0,0,0,0,0,0,0,0,0,0,0,0,0,0,0,0,0,0
1770054008136,57,500,5,0,0,4.79464,0,0,-0.000496626,0,0,0,0,0,0,0,0,0,0,0,0,0,0,0,0,0,0
1770054008137,58,500,5,0,0,4.78841,0,0,-0.000514269,0,0,0,0,0,0,0,0,0,0,0,0,0,0,0,0,0,0
1770054008137,59,500,5,0,0,4.80711,0,0,-0.000494242,0,0,0,0,0,0,0,0,0,0,0,0,0,0,0,0,0,0
1770054008138,60,500,5,0,0,4.94739,0,0,-0.000512838,0,0,0,0,0,0,0,0,0,0,0,0,0,0,0,0,0,0
1770054008138,61,500,5,0,0,4.88816,0,0,-0.000506401,0,0,0,0,0,0,0,0,0,0,0,0,0,0,0,0,0,0
1770054008139,62,500,5,0,0,4.85387,0,0,-0.000476122,0,0,0,0,0,0,0,0,0,0,0,0,0,0,0,0,0,0
1770054008139,63,500,5,0,0,4.84452,0,0,-0.000499964,0,0,0,0,0,0,0,0,0,0,0,0,0,0,0,0,0,0
1770054008140,0,500,5,0,0,4.9848,0,0,-0.000513792,0,0,0,0,0,0,0,0,0,0,0,0,0,0,0,0,0,0
1770054008140,1,500,5,0,0,4.80088,0,0,-0.000489235,0,0,0,0,0,0,0,0,0,0,0,0,0,0,0,0,0,0
1770054008140,2,500,5,0,0,4.84452,0,0,-0.00050807,0,0,0,0,0,0,0,0,0,0,0,0,0,0,0,0,0,0
1770054008140,3,500,5,0,0,4.92869,0,0,-0.000494242,0,0,0,0,0,0,0,0,0,0,0,0,0,0,0,0,0,0
1770054008141,4,500,5,0,0,4.90687,0,0,-0.000468493,0,0,0,0,0,0,0,0,0,0,0,0,0,0,0,0,0,0
1770054008141,5,500,5,0,0,4.91933,0,0,-0.000500679,0,0,0,0,0,0,0,0,0,0,0,0,0,0,0,0,0,0
1770054008142,6,500,5,0,0,4.90998,0,0,-0.000506401,0,0,0,0,0,0,0,0,0,0,0,0,0,0,0,0,0,0
1770054008142,7,500,5,0,0,4.81958,0,0,-0.000484228,0,0,0,0,0,0,0,0,0,0,0,0,0,0,0,0,0,0
1770054008143,8,500,5,0,0,4.80711,0,0,-0.000509501,0,0,0,0,0,0,0,0,0,0,0,0,0,0,0,0,0,0
1770054008144,9,500,5,0,0,4.78841,0,0,-0.000496387,0,0,0,0,0,0,0,0,0,0,0,0,0,0,0,0,0,0
1770054008145,10,500,5,0,0,4.83205,0,0,-0.000479221,0,0,0,0,0,0,0,0,0,0,0,0,0,0,0,0,0,0
1770054008145,11,500,5,0,0,4.78841,0,0,-0.000504971,0,0,0,0,0,0,0,0,0,0,0,0,0,0,0,0,0,0
1770054008145,12,500,5,0,0,4.85699,0,0,-0.000502348,0,0,0,0,0,0,0,0,0,0,0,0,0,0,0,0,0,0
1770054008145,13,501,5,0,0,5.02221,0,0,-0.000486612,0,0,0,0,0,0,0,0,0,0,0,0,0,0,0,0,0,0
1770054008147,14,500,5,0,0,4.79464,0,0,-0.000517607,0,0,0,0,0,0,0,0,0,0,0,0,0,0,0,0,0,0
1770054008147,15,501,5,0,0,4.83205,0,0,-0.000507116,0,0,0,0,0,0,0,0,0,0,0,0,0,0,0,0,0,0
1770054008148,16,500,5,0,0,4.83205,0,0,-0.000470877,0,0,0,0,0,0,0,0,0,0,0,0,0,0,0,0,0,0
1770054008148,17,501,5,0,0,4.83517,0,0,-0.000509024,0,0,0,0,0,0,0,0,0,0,0,0,0,0,0,0,0,0
1770054008149,18,500,5,0,0,4.76035,0,0,-0.000493765,0,0,0,0,0,0,0,0,0,0,0,0,0,0,0,0,0,0
1770054008149,19,500,5,0,0,4.84452,0,0,-0.000483751,0,0,0,0,0,0,0,0,0,0,0,0,0,0,0,0,0,0
1770054008150,20,500,5,0,0,4.81646,0,0,-0.000511408,0,0,0,0,0,0,0,0,0,0,0,0,0,0,0,0,0,0
1770054008150,21,500,5,0,0,4.86322,0,0,-0.000504255,0,0,0,0,0,0,0,0,0,0,0,0,0,0,0,0,0,0
1770054008151,22,500,5,0,0,4.80088,0,0,-0.000475168,0,0,0,0,0,0,0,0,0,0,0,0,0,0,0,0,0,0
1770054008151,23,500,5,0,0,4.85387,0,0,-0.000513315,0,0,0,0,0,0,0,0,0,0,0,0,0,0,0,0,0,0
1770054008152,24,500,5,0,0,4.81335,0,0,-0.000501871,0,0,0,0,0,0,0,0,0,0,0,0,0,0,0,0,0,0
1770054008152,25,500,5,0,0,4.77906,0,0,-0.000492096,0,0,0,0,0,0,0,0,0,0,0,0,0,0,0,0,0,0
1770054008152,26,500,5,0,0,4.81335,0,0,-0.000509024,0,0,0,0,0,0,0,0,0,0,0,0,0,0,0,0,0,0
1770054008152,27,500,5,0,0,4.80711,0,0,-0.000500679,0,0,0,0,0,0,0,0,0,0,0,0,0,0,0,0,0,0
1770054008153,28,500,5,0,0,4.79464,0,0,-0.000472307,0,0,0,0,0,0,0,0,0,0,0,0,0,0,0,0,0,0
1770054008153,29,500,5,0,0,4.89128,0,0,-0.000514269,0,0,0,0,0,0,0,0,0,0,0,0,0,0,0,0,0,0
1770054008154,30,500,5,0,0,4.9318,0,0,-0.00049901,0,0,0,0,0,0,0,0,0,0,0,0,0,0,0,0,0,0
1770054008154,31,500,5,0,0,4.74165,0,0,-0.000486374,0,0,0,0,0,0,0,0,0,0,0,0,0,0,0,0,0,0
1770054008155,32,500,5,0,0,4.98792,0,0,-0.000501394,0,0,0,0,0,0,0,0,0,0,0,0,0,0,0,0,0,0
1770054008155,33,500,5,0,0,4.85699,0,0,-0.000506163,0,0,0,0,0,0,0,0,0,0,0,0,0,0,0,0,0,0
1770054008156,34,500,5,0,0,4.94427,0,0,-0.000463486,0,0,0,0,0,0,0,0,0,0,0,0,0,0,0,0,0,0
1770054008156,35,500,5,0,0,4.87569,0,0,-0.00049901,0,0,0,0,0,0,0,0,0,0,0,0,0,0,0,0,0,0
1770054008157,36,501,5,0,0,4.80088,0,0,-0.000499964,0,0,0,0,0,0,0,0,0,0,0,0,0,0,0,0,0,0
1770054008157,37,500,5,0,0,4.83517,0,0,-0.000485182,0,0,0,0,0,0,0,0,0,0,0,0,0,0,0,0,0,0
1770054008158,38,501,5,0,0,4.71359,0,0,-0.000502348,0,0,0,0,0,0,0,0,0,0,0,0,0,0,0,0,0,0
1770054008158,39,500,5,0,0,4.79776,0,0,-0.000501871,0,0,0,0,0,0,0,0,0,0,0,0,0,0,0,0,0,0
1770054008159,40,501,5,0,0,4.83205,0,0,-0.00048089,0,0,0,0,0,0,0,0,0,0,0,0,0,0,0,0,0,0
1770054008159,41,500,5,0,0,4.85699,0,0,-0.000509262,0,0,0,0,0,0,0,0,0,0,0,0,0,0,0,0,0,0
1770054008161,42,501,5,0,0,4.74477,0,0,-0.000497818,0,0,0,0,0,0,0,0,0,0,0,0,0,0,0,0,0,0
1770054008161,43,500,5,0,0,4.7697,0,0,-0.000493288,0,0,0,0,0,0,0,0,0,0,0,0,0,0,0,0,0,0
1770054008162,44,501,5,0,0,4.8944,0,0,-0.00050211,0,0,0,0,0,0,0,0,0,0,0,0,0,0,0,0,0,0
1770054008162,45,500,5,0,0,4.85387,0,0,-0.000499964,0,0,0,0,0,0,0,0,0,0,0,0,0,0,0,0,0,0
1770054008163,46,500,5,0,0,4.78841,0,0,-0.000485182,0,0,0,0,0,0,0,0,0,0,0,0,0,0,0,0,0,0
1770054008163,47,500,5,0,0,4.9318,0,0,-0.000505686,0,0,0,0,0,0,0,0,0,0,0,0,0,0,0,0,0,0
1770054008164,48,500,5,0,0,4.95051,0,0,-0.000492334,0,0,0,0,0,0,0,0,0,0,0,0,0,0,0,0,0,0
1770054008164,49,500,5,0,0,4.77906,0,0,-0.000497103,0,0,0,0,0,0,0,0,0,0,0,0,0,0,0,0,0,0
1770054008164,50,500,5,0,0,4.86322,0,0,-0.000505209,0,0,0,0,0,0,0,0,0,0,0,0,0,0,0,0,0,0
1770054008164,51,500,5,0,0,4.85699,0,0,-0.000487566,0,0,0,0,0,0,0,0,0,0,0,0,0,0,0,0,0,0
1770054008165,52,500,5,0,0,4.86946,0,0,-0.000490904,0,0,0,0,0,0,0,0,0,0,0,0,0,0,0,0,0,0
1770054008165,53,500,5,0,0,4.78217,0,0,-0.000507593,0,0,0,0,0,0,0,0,0,0,0,0,0,0,0,0,0,0
1770054008166,54,500,5,0,0,4.74477,0,0,-0.000492096,0,0,0,0,0,0,0,0,0,0,0,0,0,0,0,0,0,0
1770054008166,55,500,5,0,0,4.83517,0,0,-0.000514269,0,0,0,0,0,0,0,0,0,0,0,0,0,0,0,0,0,0
1770054008167,56,500,5,0,0,4.86946,0,0,-0.000502348,0,0,0,0,0,0,0,0,0,0,0,0,0,0,0,0,0,0
1770054008167,57,500,5,0,0,4.81958,0,0,-0.00047946,0,0,0,0,0,0,0,0,0,0,0,0,0,0,0,0,0,0
1770054008168,58,500,5,0,0,4.80088,0,0,-0.00050211,0,0,0,0,0,0,0,0,0,0,0,0,0,0,0,0,0,0
1770054008168,59,500,5,0,0,4.79776,0,0,-0.000504971,0,0,0,0,0,0,0,0,0,0,0,0,0,0,0,0,0,0
1770054008169,60,500,5,0,0,4.82582,0,0,-0.000486612,0,0,0,0,0,0,0,0,0,0,0,0,0,0,0,0,0,0
1770054008169,61,500,5,0,0,4.90998,0,0,-0.000510693,0,0,0,0,0,0,0,0,0,0,0,0,0,0,0,0,0,0
1770054008170,62,500,5,0,0,4.8944,0,0,-0.000496149,0,0,0,0,0,0,0,0,0,0,0,0,0,0,0,0,0,0
1770054008170,63,501,5,0,0,4.87569,0,0,-0.000478983,0,0,0,0,0,0,0,0,0,0,0,0,0,0,0,0,0,0
1770054008171,0,500,5,0,0,4.751,0,0,-0.000499249,0,0,0,0,0,0,0,0,0,0,0,0,0,0,0,0,0,0
1770054008171,1,501,5,0,0,4.77906,0,0,-0.000500679,0,0,0,0,0,0,0,0,0,0,0,0,0,0,0,0,0,0
1770054008172,2,500,5,0,0,4.9131,0,0,-0.000472307,0,0,0,0,0,0,0,0,0,0,0,0,0,0,0,0,0,0
1770054008172,3,500,5,0,0,4.90998,0,0,-0.000499487,0,0,0,0,0,0,0,0,0,0,0,0,0,0,0,0,0,0
1770054008173,4,500,5,0,0,4.97545,0,0,-0.000507116,0,0,0,0,0,0,0,0,0,0,0,0,0,0,0,0,0,0
1770054008173,5,500,5,0,0,4.88193,0,0,-0.000477552,0,0,0,0,0,0,0,0,0,0,0,0,0,0,0,0,0,0
1770054008174,6,500,5,0,0,4.92557,0,0,-0.000506163,0,0,0,0,0,0,0,0,0,0,0,0,0,0,0,0,0,0
1770054008174,7,500,5,0,0,4.87257,0,0,-0.000506401,0,0,0,0,0,0,0,0,0,0,0,0,0,0,0,0,0,0
1770054008176,8,500,5,0,0,4.83828,0,0,-0.000486612,0,0,0,0,0,0,0,0,0,0,0,0,0,0,0,0,0,0
1770054008176,9,500,5,0,0,4.86946,0,0,-0.000506401,0,0,0,0,0,0,0,0,0,0,0,0,0,0,0,0,0,0
1770054008177,10,500,5,0,0,4.82582,0,0,-0.00050211,0,0,0,0,0,0,0,0,0,0,0,0,0,0,0,0,0,0
1770054008177,11,500,5,0,0,4.80088,0,0,-0.000476599,0,0,0,0,0,0,0,0,0,0,0,0,0,0,0,0,0,0
1770054008178,12,500,5,0,0,4.80711,0,0,-0.000500679,0,0,0,0,0,0,0,0,0,0,0,0,0,0,0,0,0,0
1770054008178,13,500,5,0,0,4.92869,0,0,-0.000495195,0,0,0,0,0,0,0,0,0,0,0,0,0,0,0,0,0,0
1770054008179,14,501,5,0,0,4.90998,0,0,-0.000486135,0,0,0,0,0,0,0,0,0,0,0,0,0,0,0,0,0,0
1770054008179,15,500,5,0,0,4.87257,0,0,-0.000508547,0,0,0,0,0,0,0,0,0,0,0,0,0,0,0,0,0,0
1770054008180,16,501,5,0,0,4.79776,0,0,-0.000494242,0,0,0,0,0,0,0,0,0,0,0,0,0,0,0,0,0,0
1770054008180,17,500,5,0,0,4.74165,0,0,-0.000469923,0,0,0,0,0,0,0,0,0,0,0,0,0,0,0,0,0,0
1770054008181,18,501,5,0,0,4.70112,0,0,-0.000511408,0,0,0,0,0,0,0,0,0,0,0,0,0,0,0,0,0,0
1770054008181,19,500,5,0,0,4.80711,0,0,-0.000509024,0,0,0,0,0,0,0,0,0,0,0,0,0,0,0,0,0,0
1770054008182,20,500,5,0,0,4.90687,0,0,-0.000487566,0,0,0,0,0,0,0,0,0,0,0,0,0,0,0,0,0,0
1770054008182,21,500,5,0,0,4.81335,0,0,-0.000512362,0,0,0,0,0,0,0,0,0,0,0,0,0,0,0,0,0,0
1770054008183,22,500,5,0,0,4.88193,0,0,-0.000505209,0,0,0,0,0,0,0,0,0,0,0,0,0,0,0,0,0,0
1770054008183,23,500,5,0,0,4.83205,0,0,-0.000475645,0,0,0,0,0,0,0,0,0,0,0,0,0,0,0,0,0,0
1770054008184,24,500,5,0,0,4.83828,0,0,-0.000513315,0,0,0,0,0,0,0,0,0,0,0,0,0,0,0,0,0,0
1770054008184,25,500,5,0,0,4.67619,0,0,-0.000495195,0,0,0,0,0,0,0,0,0,0,0,0,0,0,0,0,0,0
1770054008185,26,500,5,0,0,4.81335,0,0,-0.000483274,0,0,0,0,0,0,0,0,0,0,0,0,0,0,0,0,0,0
1770054008185,27,500,5,0,0,4.80711,0,0,-0.000501394,0,0,0,0,0,0,0,0,0,0,0,0,0,0,0,0,0,0
1770054008186,28,500,5,0,0,4.82582,0,0,-0.000507116,0,0,0,0,0,0,0,0,0,0,0,0,0,0,0,0,0,0
1770054008186,29,500,5,0,0,4.81646,0,0,-0.000475645,0,0,0,0,0,0,0,0,0,0,0,0,0,0,0,0,0,0
1770054008187,30,500,5,0,0,4.85699,0,0,-0.000510454,0,0,0,0,0,0,0,0,0,0,0,0,0,0,0,0,0,0
1770054008187,31,500,5,0,0,4.77594,0,0,-0.00049758,0,0,0,0,0,0,0,0,0,0,0,0,0,0,0,0,0,0
1770054008188,32,500,5,0,0,4.751,0,0,-0.000482082,0,0,0,0,0,0,0,0,0,0,0,0,0,0,0,0,0,0
1770054008188,33,500,5,0,0,4.79776,0,0,-0.000497818,0,0,0,0,0,0,0,0,0,0,0,0,0,0,0,0,0,0
1770054008188,34,500,5,0,0,4.89128,0,0,-0.00049901,0,0,0,0,0,0,0,0,0,0,0,0,0,0,0,0,0,0
1770054008188,35,500,5,0,0,4.83517,0,0,-0.0004704,0,0,0,0,0,0,0,0,0,0,0,0,0,0,0,0,0,0
1770054008189,36,500,5,0,0,4.81335,0,0,-0.000502825,0,0,0,0,0,0,0,0,0,0,0,0,0,0,0,0,0,0
1770054008189,37,501,5,0,0,4.83828,0,0,-0.000491381,0,0,0,0,0,0,0,0,0,0,0,0,0,0,0,0,0,0
1770054008190,38,500,5,0,0,4.93804,0,0,-0.000490427,0,0,0,0,0,0,0,0,0,0,0,0,0,0,0,0,0,0
1770054008190,39,501,5,0,0,4.85699,0,0,-0.000504732,0,0,0,0,0,0,0,0,0,0,0,0,0,0,0,0,0,0
1770054008192,40,500,5,0,0,4.80711,0,0,-0.000492096,0,0,0,0,0,0,0,0,0,0,0,0,0,0,0,0,0,0
1770054008192,41,500,5,0,0,4.81958,0,0,-0.000482321,0,0,0,0,0,0,0,0,0,0,0,0,0,0,0,0,0,0
1770054008193,42,500,5,0,0,4.81646,0,0,-0.000505209,0,0,0,0,0,0,0,0,0,0,0,0,0,0,0,0,0,0
1770054008193,43,500,5,0,0,4.80088,0,0,-0.00049901,0,0,0,0,0,0,0,0,0,0,0,0,0,0,0,0,0,0
1770054008194,44,500,5,0,0,4.87257,0,0,-0.000483274,0,0,0,0,0,0,0,0,0,0,0,0,0,0,0,0,0,0
1770054008194,45,500,5,0,0,5.0035,0,0,-0.00049758,0,0,0,0,0,0,0,0,0,0,0,0,0,0,0,0,0,0
1770054008194,46,500,5,0,0,4.9318,0,0,-0.000504732,0,0,0,0,0,0,0,0,0,0,0,0,0,0,0,0,0,0
1770054008194,47,500,5,0,0,4.90063,0,0,-0.000477076,0,0,0,0,0,0,0,0,0,0,0,0,0,0,0,0,0,0
1770054008195,48,500,5,0,0,4.88816,0,0,-0.000498056,0,0,0,0,0,0,0,0,0,0,0,0,0,0,0,0,0,0
1770054008195,49,500,5,0,0,4.88193,0,0,-0.000492096,0,0,0,0,0,0,0,0,0,0,0,0,0,0,0,0,0,0
1770054008196,50,500,5,0,0,4.81646,0,0,-0.000489473,0,0,0,0,0,0,0,0,0,0,0,0,0,0,0,0,0,0
1770054008196,51,500,5,0,0,4.71359,0,0,-0.000504971,0,0,0,0,0,0,0,0,0,0,0,0,0,0,0,0,0,0
1770054008197,52,501,5,0,0,4.74477,0,0,-0.000483274,0,0,0,0,0,0,0,0,0,0,0,0,0,0,0,0,0,0
1770054008197,53,500,5,0,0,4.84452,0,0,-0.000493526,0,0,0,0,0,0,0,0,0,0,0,0,0,0,0,0,0,0
1770054008198,54,501,5,0,0,4.79464,0,0,-0.000508547,0,0,0,0,0,0,0,0,0,0,0,0,0,0,0,0,0,0
1770054008198,55,500,5,0,0,4.9318,0,0,-0.000488043,0,0,0,0,0,0,0,0,0,0,0,0,0,0,0,0,0,0
1770054008199,56,500,5,0,0,4.83205,0,0,-0.000500917,0,0,0,0,0,0,0,0,0,0,0,0,0,0,0,0,0,0
1770054008199,57,500,5,0,0,4.85387,0,0,-0.000507116,0,0,0,0,0,0,0,0,0,0,0,0,0,0,0,0,0,0
1770054008200,58,500,5,0,0,4.81646,0,0,-0.000475645,0,0,0,0,0,0,0,0,0,0,0,0,0,0,0,0,0,0
1770054008200,59,500,5,0,0,4.90687,0,0,-0.000495672,0,0,0,0,0,0,0,0,0,0,0,0,0,0,0,0,0,0
1770054008201,60,500,5,0,0,4.68242,0,0,-0.000509977,0,0,0,0,0,0,0,0,0,0,0,0,0,0,0,0,0,0
1770054008201,61,500,5,0,0,4.71359,0,0,-0.000480652,0,0,0,0,0,0,0,0,0,0,0,0,0,0,0,0,0,0
1770054008202,62,500,5,0,0,4.78841,0,0,-0.000505209,0,0,0,0,0,0,0,0,0,0,0,0,0,0,0,0,0,0
1770054008202,63,500,5,0,0,4.71359,0,0,-0.000505209,0,0,0,0,0,0,0,0,0,0,0,0,0,0,0,0,0,0
1770054008203,0,500,5,0,0,4.751,0,0,-0.000479221,0,0,0,0,0,0,0,0,0,0,0,0,0,0,0,0,0,0
1770054008203,1,500,5,0,0,4.85699,0,0,-0.00049758,0,0,0,0,0,0,0,0,0,0,0,0,0,0,0,0,0,0
1770054008204,2,500,5,0,0,4.7697,0,0,-0.000504971,0,0,0,0,0,0,0,0,0,0,0,0,0,0,0,0,0,0
1770054008204,3,500,5,0,0,4.80711,0,0,-0.000487089,0,0,0,0,0,0,0,0,0,0,0,0,0,0,0,0,0,0
1770054008205,4,500,5,0,0,4.82582,0,0,-0.00051713,0,0,0,0,0,0,0,0,0,0,0,0,0,0,0,0,0,0
1770054008205,5,500,5,0,0,4.9131,0,0,-0.000504732,0,0,0,0,0,0,0,0,0,0,0,0,0,0,0,0,0,0
1770054008206,6,500,5,0,0,4.98792,0,0,-0.000473738,0,0,0,0,0,0,0,0,0,0,0,0,0,0,0,0,0,0
1770054008206,7,501,5,0,0,4.81646,0,0,-0.000509262,0,0,0,0,0,0,0,0,0,0,0,0,0,0,0,0,0,0
1770054008207,8,500,5,0,0,4.9848,0,0,-0.000502825,0,0,0,0,0,0,0,0,0,0,0,0,0,0,0,0,0,0
1770054008207,9,501,5,0,0,4.90063,0,0,-0.000484943,0,0,0,0,0,0,0,0,0,0,0,0,0,0,0,0,0,0
1770054008208,10,500,5,0,0,4.78841,0,0,-0.000506639,0,0,0,0,0,0,0,0,0,0,0,0,0,0,0,0,0,0
1770054008208,11,500,5,0,0,4.92557,0,0,-0.00050807,0,0,0,0,0,0,0,0,0,0,0,0,0,0,0,0,0,0
1770054008209,12,500,5,0,0,4.81646,0,0,-0.000471354,0,0,0,0,0,0,0,0,0,0,0,0,0,0,0,0,0,0
1770054008209,13,500,5,0,0,4.96609,0,0,-0.000499249,0,0,0,0,0,0,0,0,0,0,0,0,0,0,0,0,0,0
1770054008210,14,500,5,0,0,4.70736,0,0,-0.000496626,0,0,0,0,0,0,0,0,0,0,0,0,0,0,0,0,0,0
1770054008210,15,500,5,0,0,4.76035,0,0,-0.000483513,0,0,0,0,0,0,0,0,0,0,0,0,0,0,0,0,0,0
1770054008211,16,500,5,0,0,4.77906,0,0,-0.000507593,0,0,0,0,0,0,0,0,0,0,0,0,0,0,0,0,0,0
1770054008211,17,500,5,0,0,4.77906,0,0,-0.000506163,0,0,0,0,0,0,0,0,0,0,0,0,0,0,0,0,0,0
1770054008212,18,500,5,0,0,4.8944,0,0,-0.000477552,0,0,0,0,0,0,0,0,0,0,0,0,0,0,0,0,0,0
1770054008212,19,500,5,0,0,4.85075,0,0,-0.000506401,0,0,0,0,0,0,0,0,0,0,0,0,0,0,0,0,0,0
1770054008213,20,500,5,0,0,4.79776,0,0,-0.000504732,0,0,0,0,0,0,0,0,0,0,0,0,0,0,0,0,0,0
1770054008213,21,500,5,0,0,4.85075,0,0,-0.000488997,0,0,0,0,0,0,0,0,0,0,0,0,0,0,0,0,0,0
1770054008214,22,500,5,0,0,4.77906,0,0,-0.000509977,0,0,0,0,0,0,0,0,0,0,0,0,0,0,0,0,0,0
1770054008214,23,500,5,0,0,4.87569,0,0,-0.000503302,0,0,0,0,0,0,0,0,0,0,0,0,0,0,0,0,0,0
1770054008215,24,500,5,0,0,4.87569,0,0,-0.000476122,0,0,0,0,0,0,0,0,0,0,0,0,0,0,0,0,0,0
1770054008215,25,500,5,0,0,4.83205,0,0,-0.000511408,0,0,0,0,0,0,0,0,0,0,0,0,0,0,0,0,0,0
1770054008216,26,501,5,0,0,4.84452,0,0,-0.00049758,0,0,0,0,0,0,0,0,0,0,0,0,0,0,0,0,0,0
1770054008216,27,500,5,0,0,4.70112,0,0,-0.000478983,0,0,0,0,0,0,0,0,0,0,0,0,0,0,0,0,0,0
1770054008217,28,501,5,0,0,4.84452,0,0,-0.000510693,0,0,0,0,0,0,0,0,0,0,0,0,0,0,0,0,0,0
1770054008217,29,500,5,0,0,4.86946,0,0,-0.000504732,0,0,0,0,0,0,0,0,0,0,0,0,0,0,0,0,0,0
1770054008218,30,500,5,0,0,4.98792,0,0,-0.00047636,0,0,0,0,0,0,0,0,0,0,0,0,0,0,0,0,0,0
1770054008218,31,500,5,0,0,4.69489,0,0,-0.00050807,0,0,0,0,0,0,0,0,0,0,0,0,0,0,0,0,0,0
1770054008219,32,500,5,0,0,4.76347,0,0,-0.000500441,0,0,0,0,0,0,0,0,0,0,0,0,0,0,0,0,0,0
1770054008219,33,500,5,0,0,4.86322,0,0,-0.000496149,0,0,0,0,0,0,0,0,0,0,0,0,0,0,0,0,0,0
1770054008220,34,500,5,0,0,4.77906,0,0,-0.000499487,0,0,0,0,0,0,0,0,0,0,0,0,0,0,0,0,0,0
1770054008221,35,500,5,0,0,4.83205,0,0,-0.000505209,0,0,0,0,0,0,0,0,0,0,0,0,0,0,0,0,0,0
1770054008221,36,500,5,0,0,4.87569,0,0,-0.00048089,0,0,0,0,0,0,0,0,0,0,0,0,0,0,0,0,0,0
1770054008222,37,500,5,0,0,4.8944,0,0,-0.000511408,0,0,0,0,0,0,0,0,0,0,0,0,0,0,0,0,0,0
1770054008222,38,500,5,0,0,4.85699,0,0,-0.000492096,0,0,0,0,0,0,0,0,0,0,0,0,0,0,0,0,0,0
1770054008223,39,506,5,0,0,4.83517,0,0,-0.000489473,0,0,0,0,0,0,0,0,0,0,0,0,0,0,0,0,0,0
1770054008223,40,495,5,0,0,4.80711,0,0,-0.00050211,0,0,0,0,0,0,0,0,0,0,0,0,0,0,0,0,0,0
1770054008224,41,507,5,0,0,4.74165,0,0,-0.000496626,0,0,0,0,0,0,0,0,0,0,0,0,0,0,0,0,0,0
1770054008224,42,493,5,0,0,4.82582,0,0,-0.000477791,0,0,0,0,0,0,0,0,0,0,0,0,0,0,0,0,0,0
1770054008225,43,507,5,0,0,4.84452,0,0,-0.000506163,0,0,0,0,0,0,0,0,0,0,0,0,0,0,0,0,0,0
1770054008225,44,493,5,0,0,4.85387,0,0,-0.000490665,0,0,0,0,0,0,0,0,0,0,0,0,0,0,0,0,0,0
1770054008226,45,507,5,0,0,4.79776,0,0,-0.000497103,0,0,0,0,0,0,0,0,0,0,0,0,0,0,0,0,0,0
1770054008226,46,493,5,0,0,4.94739,0,0,-0.000503778,0,0,0,0,0,0,0,0,0,0,0,0,0,0,0,0,0,0
1770054008227,47,506,5,0,0,4.87257,0,0,-0.000487089,0,0,0,0,0,0,0,0,0,0,0,0,0,0,0,0,0,0
1770054008227,48,495,5,0,0,4.79776,0,0,-0.00048089,0,0,0,0,0,0,0,0,0,0,0,0,0,0,0,0,0,0
1770054008228,49,506,5,0,0,4.82582,0,0,-0.000505686,0,0,0,0,0,0,0,0,0,0,0,0,0,0,0,0,0,0
1770054008228,50,494,5,0,0,4.80088,0,0,-0.000490904,0,0,0,0,0,0,0,0,0,0,0,0,0,0,0,0,0,0
1770054008229,51,505,5,0,0,4.85387,0,0,-0.000500917,0,0,0,0,0,0,0,0,0,0,0,0,0,0,0,0,0,0
1770054008229,52,495,5,0,0,4.89128,0,0,-0.000504971,0,0,0,0,0,0,0,0,0,0,0,0,0,0,0,0,0,0
1770054008230,53,503,5,0,0,4.83205,0,0,-0.000484228,0,0,0,0,0,0,0,0,0,0,0,0,0,0,0,0,0,0
1770054008230,54,497,5,0,0,4.80711,0,0,-0.000491858,0,0,0,0,0,0,0,0,0,0,0,0,0,0,0,0,0,0
1770054008231,55,504,5,0,0,4.79464,0,0,-0.000495672,0,0,0,0,0,0,0,0,0,0,0,0,0,0,0,0,0,0
1770054008231,56,497,5,0,0,4.85075,0,0,-0.000472784,0,0,0,0,0,0,0,0,0,0,0,0,0,0,0,0,0,0
1770054008232,57,503,5,0,0,4.91933,0,0,-0.000504971,0,0,0,0,0,0,0,0,0,0,0,0,0,0,0,0,0,0
1770054008232,58,498,5,0,0,4.89128,0,0,-0.000501394,0,0,0,0,0,0,0,0,0,0,0,0,0,0,0,0,0,0
1770054008233,59,502,5,0,0,4.8944,0,0,-0.000482798,0,0,0,0,0,0,0,0,0,0,0,0,0,0,0,0,0,0
1770054008233,60,498,5,0,0,4.85699,0,0,-0.000499249,0,0,0,0,0,0,0,0,0,0,0,0,0,0,0,0,0,0
1770054008234,61,501,5,0,0,4.87569,0,0,-0.000508547,0,0,0,0,0,0,0,0,0,0,0,0,0,0,0,0,0,0
1770054008234,62,500,5,0,0,4.94739,0,0,-0.000480413,0,0,0,0,0,0,0,0,0,0,0,0,0,0,0,0,0,0
1770054008235,63,501,5,0,0,4.86322,0,0,-0.00050354,0,0,0,0,0,0,0,0,0,0,0,0,0,0,0,0,0,0
1770054008235,0,500,5,0,0,4.78217,0,0,-0.000505686,0,0,0,0,0,0,0,0,0,0,0,0,0,0,0,0,0,0
1770054008236,1,501,5,0,0,4.81958,0,0,-0.000468969,0,0,0,0,0,0,0,0,0,0,0,0,0,0,0,0,0,0
1770054008236,2,500,5,0,0,4.78217,0,0,-0.000498056,0,0,0,0,0,0,0,0,0,0,0,0,0,0,0,0,0,0
1770054008237,3,501,5,0,0,4.73853,0,0,-0.000504255,0,0,0,0,0,0,0,0,0,0,0,0,0,0,0,0,0,0
1770054008237,4,499,5,0,0,4.74165,0,0,-0.00048089,0,0,0,0,0,0,0,0,0,0,0,0,0,0,0,0,0,0
1770054008238,5,501,5,0,0,4.78841,0,0,-0.00050211,0,0,0,0,0,0,0,0,0,0,0,0,0,0,0,0,0,0
1770054008238,6,499,5,0,0,4.89128,0,0,-0.000506163,0,0,0,0,0,0,0,0,0,0,0,0,0,0,0,0,0,0
1770054008239,7,501,5,0,0,4.7323,0,0,-0.000474691,0,0,0,0,0,0,0,0,0,0,0,0,0,0,0,0,0,0
1770054008239,8,499,5,0,0,4.82582,0,0,-0.000499487,0,0,0,0,0,0,0,0,0,0,0,0,0,0,0,0,0,0
1770054008240,9,501,5,0,0,4.77906,0,0,-0.000499964,0,0,0,0,0,0,0,0,0,0,0,0,0,0,0,0,0,0
1770054008240,10,499,5,0,0,4.78217,0,0,-0.000482798,0,0,0,0,0,0,0,0,0,0,0,0,0,0,0,0,0,0
1770054008241,11,500,5,0,0,4.83828,0,0,-0.000507593,0,0,0,0,0,0,0,0,0,0,0,0,0,0,0,0,0,0
1770054008241,12,499,5,0,0,4.85075,0,0,-0.000503302,0,0,0,0,0,0,0,0,0,0,0,0,0,0,0,0,0,0
1770054008242,13,500,5,0,0,4.97545,0,0,-0.000478506,0,0,0,0,0,0,0,0,0,0,0,0,0,0,0,0,0,0
1770054008242,14,499,5,0,0,4.90998,0,0,-0.000507593,0,0,0,0,0,0,0,0,0,0,0,0,0,0,0,0,0,0
1770054008242,15,501,5,0,0,4.82582,0,0,-0.000499487,0,0,0,0,0,0,0,0,0,0,0,0,0,0,0,0,0,0
1770054008242,16,499,5,0,0,4.751,0,0,-0.000484705,0,0,0,0,0,0,0,0,0,0,0,0,0,0,0,0,0,0
1770054008244,17,501,5,0,0,4.76035,0,0,-0.000502348,0,0,0,0,0,0,0,0,0,0,0,0,0,0,0,0,0,0
1770054008244,18,499,5,0,0,4.80711,0,0,-0.000502348,0,0,0,0,0,0,0,0,0,0,0,0,0,0,0,0,0,0
1770054008245,19,501,5,0,0,4.90998,0,0,-0.000470877,0,0,0,0,0,0,0,0,0,0,0,0,0,0,0,0,0,0
1770054008245,20,500,5,0,0,4.68865,0,0,-0.000514269,0,0,0,0,0,0,0,0,0,0,0,0,0,0,0,0,0,0
1770054008246,21,501,5,0,0,4.87257,0,0,-0.000503302,0,0,0,0,0,0,0,0,0,0,0,0,0,0,0,0,0,0
1770054008246,22,500,5,0,0,4.83517,0,0,-0.000486374,0,0,0,0,0,0,0,0,0,0,0,0,0,0,0,0,0,0
1770054008247,23,501,5,0,0,4.87257,0,0,-0.000509977,0,0,0,0,0,0,0,0,0,0,0,0,0,0,0,0,0,0
1770054008247,24,499,5,0,0,4.8944,0,0,-0.000496149,0,0,0,0,0,0,0,0,0,0,0,0,0,0,0,0,0,0
1770054008248,25,501,5,0,0,4.79776,0,0,-0.000475168,0,0,0,0,0,0,0,0,0,0,0,0,0,0,0,0,0,0
1770054008248,26,499,5,0,0,4.72294,0,0,-0.000509262,0,0,0,0,0,0,0,0,0,0,0,0,0,0,0,0,0,0
1770054008249,27,501,5,0,0,4.67619,0,0,-0.000495195,0,0,0,0,0,0,0,0,0,0,0,0,0,0,0,0,0,0
1770054008249,28,500,5,0,0,4.751,0,0,-0.000488997,0,0,0,0,0,0,0,0,0,0,0,0,0,0,0,0,0,0
1770054008250,29,501,5,0,0,4.80088,0,0,-0.000510693,0,0,0,0,0,0,0,0,0,0,0,0,0,0,0,0,0,0
1770054008250,30,499,5,0,0,4.90063,0,0,-0.00050211,0,0,0,0,0,0,0,0,0,0,0,0,0,0,0,0,0,0
1770054008251,31,501,5,0,0,4.86946,0,0,-0.00047946,0,0,0,0,0,0,0,0,0,0,0,0,0,0,0,0,0,0
1770054008251,32,499,5,0,0,4.82582,0,0,-0.000502348,0,0,0,0,0,0,0,0,0,0,0,0,0,0,0,0,0,0
1770054008252,33,501,5,0,0,4.92557,0,0,-0.000494242,0,0,0,0,0,0,0,0,0,0,0,0,0,0,0,0,0,0
1770054008252,34,500,5,0,0,4.78841,0,0,-0.000488997,0,0,0,0,0,0,0,0,0,0,0,0,0,0,0,0,0,0
1770054008253,35,502,5,0,0,4.88816,0,0,-0.000507593,0,0,0,0,0,0,0,0,0,0,0,0,0,0,0,0,0,0
1770054008253,36,499,5,0,0,4.8944,0,0,-0.000502348,0,0,0,0,0,0,0,0,0,0,0,0,0,0,0,0,0,0
1770054008254,37,502,5,0,0,4.9848,0,0,-0.000468493,0,0,0,0,0,0,0,0,0,0,0,0,0,0,0,0,0,0
1770054008254,38,499,5,0,0,4.67619,0,0,-0.000508547,0,0,0,0,0,0,0,0,0,0,0,0,0,0,0,0,0,0
1770054008255,39,502,5,0,0,4.90998,0,0,-0.000501871,0,0,0,0,0,0,0,0,0,0,0,0,0,0,0,0,0,0
1770054008255,40,499,5,0,0,4.81958,0,0,-0.000482082,0,0,0,0,0,0,0,0,0,0,0,0,0,0,0,0,0,0
1770054008256,41,502,5,0,0,4.81646,0,0,-0.000502348,0,0,0,0,0,0,0,0,0,0,0,0,0,0,0,0,0,0
1770054008256,42,499,5,0,0,4.76347,0,0,-0.000510454,0,0,0,0,0,0,0,0,0,0,0,0,0,0,0,0,0,0
1770054008257,43,501,5,0,0,4.85699,0,0,-0.000473738,0,0,0,0,0,0,0,0,0,0,0,0,0,0,0,0,0,0
1770054008257,44,499,5,0,0,4.74165,0,0,-0.000518084,0,0,0,0,0,0,0,0,0,0,0,0,0,0,0,0,0,0
1770054008258,45,501,5,0,0,4.77594,0,0,-0.000500679,0,0,0,0,0,0,0,0,0,0,0,0,0,0,0,0,0,0
1770054008258,46,499,5,0,0,4.81646,0,0,-0.000492334,0,0,0,0,0,0,0,0,0,0,0,0,0,0,0,0,0,0
1770054008259,47,500,5,0,0,4.85075,0,0,-0.000506163,0,0,0,0,0,0,0,0,0,0,0,0,0,0,0,0,0,0
1770054008259,48,499,5,0,0,4.77906,0,0,-0.000495672,0,0,0,0,0,0,0,0,0,0,0,0,0,0,0,0,0,0
1770054008260,49,501,5,0,0,4.85075,0,0,-0.000479221,0,0,0,0,0,0,0,0,0,0,0,0,0,0,0,0,0,0
1770054008260,50,500,5,0,0,4.94427,0,0,-0.000503778,0,0,0,0,0,0,0,0,0,0,0,0,0,0,0,0,0,0
1770054008261,51,501,5,0,0,4.87569,0,0,-0.000496387,0,0,0,0,0,0,0,0,0,0,0,0,0,0,0,0,0,0
1770054008261,52,500,5,0,0,4.85699,0,0,-0.000498056,0,0,0,0,0,0,0,0,0,0,0,0,0,0,0,0,0,0
1770054008262,53,501,5,0,0,4.81646,0,0,-0.000504255,0,0,0,0,0,0,0,0,0,0,0,0,0,0,0,0,0,0
1770054008262,54,499,5,0,0,4.90063,0,0,-0.000481367,0,0,0,0,0,0,0,0,0,0,0,0,0,0,0,0,0,0
1770054008263,55,501,5,0,0,5.00038,0,0,-0.000500917,0,0,0,0,0,0,0,0,0,0,0,0,0,0,0,0,0,0
1770054008263,56,499,5,0,0,4.87257,0,0,-0.000509262,0,0,0,0,0,0,0,0,0,0,0,0,0,0,0,0,0,0
1770054008264,57,501,5,0,0,4.90998,0,0,-0.000491381,0,0,0,0,0,0,0,0,0,0,0,0,0,0,0,0,0,0
1770054008264,58,500,5,0,0,4.88816,0,0,-0.000507832,0,0,0,0,0,0,0,0,0,0,0,0,0,0,0,0,0,0
1770054008265,59,501,5,0,0,4.81335,0,0,-0.000499249,0,0,0,0,0,0,0,0,0,0,0,0,0,0,0,0,0,0
1770054008265,60,499,5,0,0,4.8944,0,0,-0.000465631,0,0,0,0,0,0,0,0,0,0,0,0,0,0,0,0,0,0
1770054008266,61,501,5,0,0,4.88193,0,0,-0.000502825,0,0,0,0,0,0,0,0,0,0,0,0,0,0,0,0,0,0
1770054008266,62,499,5,0,0,4.86946,0,0,-0.00050807,0,0,0,0,0,0,0,0,0,0,0,0,0,0,0,0,0,0
1770054008267,63,501,5,0,0,4.85075,0,0,-0.000485659,0,0,0,0,0,0,0,0,0,0,0,0,0,0,0,0,0,0
1770054008267,0,499,5,0,0,4.94739,0,0,-0.000499964,0,0,0,0,0,0,0,0,0,0,0,0,0,0,0,0,0,0
1770054008268,1,502,5,0,0,4.9131,0,0,-0.000502825,0,0,0,0,0,0,0,0,0,0,0,0,0,0,0,0,0,0
1770054008268,2,499,5,0,0,4.83517,0,0,-0.00047636,0,0,0,0,0,0,0,0,0,0,0,0,0,0,0,0,0,0
1770054008269,3,501,5,0,0,4.82582,0,0,-0.000502348,0,0,0,0,0,0,0,0,0,0,0,0,0,0,0,0,0,0
1770054008269,4,500,5,0,0,4.9318,0,0,-0.000502348,0,0,0,0,0,0,0,0,0,0,0,0,0,0,0,0,0,0
1770054008270,5,502,5,0,0,4.93804,0,0,-0.000478983,0,0,0,0,0,0,0,0,0,0,0,0,0,0,0,0,0,0
1770054008270,6,499,5,0,0,4.83517,0,0,-0.000505209,0,0,0,0,0,0,0,0,0,0,0,0,0,0,0,0,0,0
1770054008271,7,502,5,0,0,4.7697,0,0,-0.000506639,0,0,0,0,0,0,0,0,0,0,0,0,0,0,0,0,0,0
1770054008271,8,499,5,0,0,4.76035,0,0,-0.000467539,0,0,0,0,0,0,0,0,0,0,0,0,0,0,0,0,0,0
1770054008272,9,502,5,0,0,4.96298,0,0,-0.000500679,0,0,0,0,0,0,0,0,0,0,0,0,0,0,0,0,0,0
1770054008272,10,499,5,0,0,4.92557,0,0,-0.000502348,0,0,0,0,0,0,0,0,0,0,0,0,0,0,0,0,0,0
1770054008273,11,501,5,0,0,4.82582,0,0,-0.000485659,0,0,0,0,0,0,0,0,0,0,0,0,0,0,0,0,0,0
1770054008273,12,499,5,0,0,4.85075,0,0,-0.000509262,0,0,0,0,0,0,0,0,0,0,0,0,0,0,0,0,0,0
1770054008274,13,500,5,0,0,4.751,0,0,-0.000502348,0,0,0,0,0,0,0,0,0,0,0,0,0,0,0,0,0,0
1770054008274,14,499,5,0,0,4.72606,0,0,-0.000473261,0,0,0,0,0,0,0,0,0,0,0,0,0,0,0,0,0,0
1770054008275,15,501,5,0,0,4.78841,0,0,-0.000494957,0,0,0,0,0,0,0,0,0,0,0,0,0,0,0,0,0,0
1770054008275,16,499,5,0,0,4.9131,0,0,-0.000492811,0,0,0,0,0,0,0,0,0,0,0,0,0,0,0,0,0,0
1770054008276,17,501,5,0,0,4.81335,0,0,-0.000484705,0,0,0,0,0,0,0,0,0,0,0,0,0,0,0,0,0,0
1770054008276,18,499,5,0,0,4.82582,0,0,-0.000507593,0,0,0,0,0,0,0,0,0,0,0,0,0,0,0,0,0,0
1770054008277,19,501,5,0,0,4.79776,0,0,-0.000510693,0,0,0,0,0,0,0,0,0,0,0,0,0,0,0,0,0,0
1770054008277,20,499,5,0,0,4.81958,0,0,-0.000479221,0,0,0,0,0,0,0,0,0,0,0,0,0,0,0,0,0,0
1770054008278,21,501,5,0,0,4.83517,0,0,-0.000518084,0,0,0,0,0,0,0,0,0,0,0,0,0,0,0,0,0,0
1770054008278,22,500,5,0,0,4.80088,0,0,-0.000504255,0,0,0,0,0,0,0,0,0,0,0,0,0,0,0,0,0,0
1770054008279,23,501,5,0,0,4.80088,0,0,-0.000482082,0,0,0,0,0,0,0,0,0,0,0,0,0,0,0,0,0,0
1770054008279,24,500,5,0,0,4.87257,0,0,-0.000506639,0,0,0,0,0,0,0,0,0,0,0,0,0,0,0,0,0,0
1770054008280,25,501,5,0,0,4.87257,0,0,-0.000502348,0,0,0,0,0,0,0,0,0,0,0,0,0,0,0,0,0,0
1770054008280,26,500,5,0,0,4.78217,0,0,-0.00047636,0,0,0,0,0,0,0,0,0,0,0,0,0,0,0,0,0,0
1770054008281,27,501,5,0,0,4.90998,0,0,-0.000509024,0,0,0,0,0,0,0,0,0,0,0,0,0,0,0,0,0,0
1770054008281,28,500,5,0,0,4.7697,0,0,-0.000490665,0,0,0,0,0,0,0,0,0,0,0,0,0,0,0,0,0,0
1770054008282,29,501,5,0,0,4.7697,0,0,-0.000482082,0,0,0,0,0,0,0,0,0,0,0,0,0,0,0,0,0,0
1770054008282,30,499,5,0,0,4.75723,0,0,-0.000506639,0,0,0,0,0,0,0,0,0,0,0,0,0,0,0,0,0,0
1770054008283,31,501,5,0,0,4.87569,0,0,-0.000504255,0,0,0,0,0,0,0,0,0,0,0,0,0,0,0,0,0,0
1770054008283,32,499,5,0,0,4.83517,0,0,-0.000469446,0,0,0,0,0,0,0,0,0,0,0,0,0,0,0,0,0,0
1770054008284,33,501,5,0,0,4.7697,0,0,-0.00049758,0,0,0,0,0,0,0,0,0,0,0,0,0,0,0,0,0,0
1770054008284,34,500,5,0,0,4.78841,0,0,-0.000496149,0,0,0,0,0,0,0,0,0,0,0,0,0,0,0,0,0,0
1770054008285,35,501,5,0,0,4.76347,0,0,-0.000486374,0,0,0,0,0,0,0,0,0,0,0,0,0,0,0,0,0,0
1770054008285,36,499,5,0,0,4.74165,0,0,-0.000507832,0,0,0,0,0,0,0,0,0,0,0,0,0,0,0,0,0,0
1770054008285,37,501,5,0,0,4.80088,0,0,-0.000504971,0,0,0,0,0,0,0,0,0,0,0,0,0,0,0,0,0,0
1770054008285,38,499,5,0,0,4.85699,0,0,-0.000469923,0,0,0,0,0,0,0,0,0,0,0,0,0,0,0,0,0,0
1770054008287,39,501,5,0,0,4.85387,0,0,-0.000510454,0,0,0,0,0,0,0,0,0,0,0,0,0,0,0,0,0,0
1770054008287,40,499,5,0,0,4.92869,0,0,-0.000501394,0,0,0,0,0,0,0,0,0,0,0,0,0,0,0,0,0,0
1770054008288,41,501,5,0,0,4.82582,0,0,-0.000482321,0,0,0,0,0,0,0,0,0,0,0,0,0,0,0,0,0,0
1770054008288,42,499,5,0,0,4.73853,0,0,-0.00050211,0,0,0,0,0,0,0,0,0,0,0,0,0,0,0,0,0,0
1770054008289,43,501,5,0,0,4.88816,0,0,-0.000509501,0,0,0,0,0,0,0,0,0,0,0,0,0,0,0,0,0,0
1770054008289,44,500,5,0,0,5.04091,0,0,-0.00047183,0,0,0,0,0,0,0,0,0,0,0,0,0,0,0,0,0,0
1770054008290,45,502,5,0,0,4.72294,0,0,-0.000513554,0,0,0,0,0,0,0,0,0,0,0,0,0,0,0,0,0,0
1770054008290,46,499,5,0,0,4.85387,0,0,-0.00049758,0,0,0,0,0,0,0,0,0,0,0,0,0,0,0,0,0,0
1770054008291,47,501,5,0,0,5.0035,0,0,-0.000486135,0,0,0,0,0,0,0,0,0,0,0,0,0,0,0,0,0,0
1770054008291,48,500,5,0,0,4.85699,0,0,-0.000504971,0,0,0,0,0,0,0,0,0,0,0,0,0,0,0,0,0,0
1770054008292,49,501,5,0,0,4.78217,0,0,-0.000495195,0,0,0,0,0,0,0,0,0,0,0,0,0,0,0,0,0,0
1770054008292,50,500,5,0,0,4.81646,0,0,-0.000482082,0,0,0,0,0,0,0,0,0,0,0,0,0,0,0,0,0,0
1770054008293,51,502,5,0,0,4.8944,0,0,-0.000502825,0,0,0,0,0,0,0,0,0,0,0,0,0,0,0,0,0,0
1770054008293,52,499,5,0,0,4.85387,0,0,-0.00048852,0,0,0,0,0,0,0,0,0,0,0,0,0,0,0,0,0,0
1770054008294,53,502,5,0,0,4.83828,0,0,-0.000500679,0,0,0,0,0,0,0,0,0,0,0,0,0,0,0,0,0,0
1770054008294,54,499,5,0,0,4.89128,0,0,-0.00050354,0,0,0,0,0,0,0,0,0,0,0,0,0,0,0,0,0,0
1770054008295,55,501,5,0,0,4.89128,0,0,-0.000492811,0,0,0,0,0,0,0,0,0,0,0,0,0,0,0,0,0,0
1770054008295,56,499,5,0,0,4.85075,0,0,-0.00050211,0,0,0,0,0,0,0,0,0,0,0,0,0,0,0,0,0,0
1770054008296,57,500,5,0,0,4.83205,0,0,-0.000512838,0,0,0,0,0,0,0,0,0,0,0,0,0,0,0,0,0,0
1770054008296,58,499,5,0,0,4.78217,0,0,-0.00047946,0,0,0,0,0,0,0,0,0,0,0,0,0,0,0,0,0,0
1770054008297,59,500,5,0,0,4.78841,0,0,-0.000510454,0,0,0,0,0,0,0,0,0,0,0,0,0,0,0,0,0,0
1770054008297,60,499,5,0,0,4.88816,0,0,-0.000514269,0,0,0,0,0,0,0,0,0,0,0,0,0,0,0,0,0,0
1770054008298,61,500,5,0,0,4.83205,0,0,-0.000484705,0,0,0,0,0,0,0,0,0,0,0,0,0,0,0,0,0,0
1770054008298,62,499,5,0,0,4.83828,0,0,-0.000504971,0,0,0,0,0,0,0,0,0,0,0,0,0,0,0,0,0,0
1770054008299,63,500,5,0,0,4.79776,0,0,-0.000508547,0,0,0,0,0,0,0,0,0,0,0,0,0,0,0,0,0,0
1770054008299,0,499,5,0,0,4.83828,0,0,-0.000484228,0,0,0,0,0,0,0,0,0,0,0,0,0,0,0,0,0,0
1770054008300,1,500,5,0,0,4.74165,0,0,-0.000507832,0,0,0,0,0,0,0,0,0,0,0,0,0,0,0,0,0,0
1770054008300,2,499,5,0,0,4.77594,0,0,-0.000503778,0,0,0,0,0,0,0,0,0,0,0,0,0,0,0,0,0,0
1770054008301,3,500,5,0,0,4.79464,0,0,-0.000481367,0,0,0,0,0,0,0,0,0,0,0,0,0,0,0,0,0,0
1770054008301,4,499,5,0,0,4.88193,0,0,-0.000509977,0,0,0,0,0,0,0,0,0,0,0,0,0,0,0,0,0,0
1770054008302,5,501,5,0,0,4.81335,0,0,-0.000508547,0,0,0,0,0,0,0,0,0,0,0,0,0,0,0,0,0,0
1770054008302,6,500,5,0,0,4.88193,0,0,-0.000479221,0,0,0,0,0,0,0,0,0,0,0,0,0,0,0,0,0,0
1770054008303,7,501,5,0,0,4.9131,0,0,-0.000499249,0,0,0,0,0,0,0,0,0,0,0,0,0,0,0,0,0,0
1770054008303,8,500,5,0,0,4.86322,0,0,-0.000500917,0,0,0,0,0,0,0,0,0,0,0,0,0,0,0,0,0,0
1770054008304,9,501,5,0,0,4.85699,0,0,-0.00048089,0,0,0,0,0,0,0,0,0,0,0,0,0,0,0,0,0,0
1770054008304,10,500,5,0,0,4.87257,0,0,-0.000509024,0,0,0,0,0,0,0,0,0,0,0,0,0,0,0,0,0,0
1770054008305,11,501,5,0,0,4.85075,0,0,-0.000507832,0,0,0,0,0,0,0,0,0,0,0,0,0,0,0,0,0,0
1770054008305,12,501,5,0,0,4.85387,0,0,-0.00048995,0,0,0,0,0,0,0,0,0,0,0,0,0,0,0,0,0,0
1770054008306,13,500,5,0,0,4.87257,0,0,-0.000503302,0,0,0,0,0,0,0,0,0,0,0,0,0,0,0,0,0,0
1770054008306,14,500,5,0,0,4.91933,0,0,-0.00050211,0,0,0,0,0,0,0,0,0,0,0,0,0,0,0,0,0,0
1770054008307,15,500,5,0,0,4.90687,0,0,-0.000474215,0,0,0,0,0,0,0,0,0,0,0,0,0,0,0,0,0,0
1770054008307,16,500,5,0,0,4.98792,0,0,-0.00050354,0,0,0,0,0,0,0,0,0,0,0,0,0,0,0,0,0,0
1770054008308,17,500,5,0,0,4.88816,0,0,-0.000496149,0,0,0,0,0,0,0,0,0,0,0,0,0,0,0,0,0,0
1770054008308,18,500,5,0,0,4.86322,0,0,-0.000483274,0,0,0,0,0,0,0,0,0,0,0,0,0,0,0,0,0,0
1770054008309,19,500,5,0,0,4.80088,0,0,-0.00050211,0,0,0,0,0,0,0,0,0,0,0,0,0,0,0,0,0,0
1770054008309,20,500,5,0,0,4.86322,0,0,-0.000500917,0,0,0,0,0,0,0,0,0,0,0,0,0,0,0,0,0,0
1770054008310,21,500,5,0,0,4.81958,0,0,-0.000478506,0,0,0,0,0,0,0,0,0,0,0,0,0,0,0,0,0,0
1770054008310,22,501,5,0,0,4.74165,0,0,-0.000510454,0,0,0,0,0,0,0,0,0,0,0,0,0,0,0,0,0,0
1770054008311,23,500,5,0,0,4.79776,0,0,-0.000505209,0,0,0,0,0,0,0,0,0,0,0,0,0,0,0,0,0,0
1770054008311,24,501,5,0,0,4.74165,0,0,-0.000486374,0,0,0,0,0,0,0,0,0,0,0,0,0,0,0,0,0,0
1770054008312,25,500,5,0,0,4.81646,0,0,-0.00050807,0,0,0,0,0,0,0,0,0,0,0,0,0,0,0,0,0,0
1770054008312,26,501,5,0,0,4.84452,0,0,-0.000504255,0,0,0,0,0,0,0,0,0,0,0,0,0,0,0,0,0,0
1770054008313,27,500,5,0,0,4.83205,0,0,-0.000473738,0,0,0,0,0,0,0,0,0,0,0,0,0,0,0,0,0,0
1770054008313,28,500,5,0,0,4.80088,0,0,-0.000509262,0,0,0,0,0,0,0,0,0,0,0,0,0,0,0,0,0,0
1770054008314,29,500,5,0,0,4.91933,0,0,-0.000492811,0,0,0,0,0,0,0,0,0,0,0,0,0,0,0,0,0,0
1770054008314,30,500,5,0,0,4.83828,0,0,-0.000475168,0,0,0,0,0,0,0,0,0,0,0,0,0,0,0,0,0,0
1770054008315,31,500,5,0,0,4.7323,0,0,-0.000500917,0,0,0,0,0,0,0,0,0,0,0,0,0,0,0,0,0,0
1770054008315,32,500,5,0,0,4.79464,0,0,-0.00050211,0,0,0,0,0,0,0,0,0,0,0,0,0,0,0,0,0,0
1770054008316,33,500,5,0,0,4.84452,0,0,-0.000474691,0,0,0,0,0,0,0,0,0,0,0,0,0,0,0,0,0,0
1770054008316,34,500,5,0,0,4.9131,0,0,-0.000511408,0,0,0,0,0,0,0,0,0,0,0,0,0,0,0,0,0,0
1770054008317,35,500,5,0,0,4.79464,0,0,-0.000500679,0,0,0,0,0,0,0,0,0,0,0,0,0,0,0,0,0,0
1770054008317,36,500,5,0,0,4.81335,0,0,-0.000482082,0,0,0,0,0,0,0,0,0,0,0,0,0,0,0,0,0,0
1770054008318,37,500,5,0,0,4.7697,0,0,-0.000498056,0,0,0,0,0,0,0,0,0,0,0,0,0,0,0,0,0,0
1770054008318,38,500,5,0,0,4.82582,0,0,-0.00050354,0,0,0,0,0,0,0,0,0,0,0,0,0,0,0,0,0,0
1770054008319,39,500,5,0,0,4.82582,0,0,-0.000472307,0,0,0,0,0,0,0,0,0,0,0,0,0,0,0,0,0,0
1770054008319,40,500,5,0,0,4.77594,0,0,-0.000506639,0,0,0,0,0,0,0,0,0,0,0,0,0,0,0,0,0,0
1770054008320,41,501,5,0,0,4.86322,0,0,-0.000491858,0,0,0,0,0,0,0,0,0,0,0,0,0,0,0,0,0,0
1770054008320,42,500,5,0,0,4.86322,0,0,-0.000478506,0,0,0,0,0,0,0,0,0,0,0,0,0,0,0,0,0,0
1770054008321,43,501,5,0,0,4.86322,0,0,-0.000497818,0,0,0,0,0,0,0,0,0,0,0,0,0,0,0,0,0,0
1770054008321,44,500,5,0,0,4.79464,0,0,-0.000499487,0,0,0,0,0,0,0,0,0,0,0,0,0,0,0,0,0,0
1770054008322,45,501,5,0,0,4.81958,0,0,-0.000475645,0,0,0,0,0,0,0,0,0,0,0,0,0,0,0,0,0,0
1770054008322,46,500,5,0,0,4.77906,0,0,-0.000512362,0,0,0,0,0,0,0,0,0,0,0,0,0,0,0,0,0,0
1770054008323,47,501,5,0,0,4.96298,0,0,-0.00049901,0,0,0,0,0,0,0,0,0,0,0,0,0,0,0,0,0,0
1770054008323,48,500,5,0,0,4.73853,0,0,-0.000499487,0,0,0,0,0,0,0,0,0,0,0,0,0,0,0,0,0,0
1770054008324,49,500,5,0,0,4.80088,0,0,-0.00050354,0,0,0,0,0,0,0,0,0,0,0,0,0,0,0,0,0,0
1770054008324,50,500,5,0,0,4.8944,0,0,-0.000496149,0,0,0,0,0,0,0,0,0,0,0,0,0,0,0,0,0,0
1770054008325,51,500,5,0,0,4.78217,0,0,-0.000495195,0,0,0,0,0,0,0,0,0,0,0,0,0,0,0,0,0,0
1770054008325,52,500,5,0,0,4.81335,0,0,-0.000507116,0,0,0,0,0,0,0,0,0,0,0,0,0,0,0,0,0,0
1770054008326,53,500,5,0,0,4.83517,0,0,-0.000482321,0,0,0,0,0,0,0,0,0,0,0,0,0,0,0,0,0,0
1770054008326,54,500,5,0,0,4.83205,0,0,-0.000496149,0,0,0,0,0,0,0,0,0,0,0,0,0,0,0,0,0,0
1770054008327,55,500,5,0,0,4.83205,0,0,-0.000498533,0,0,0,0,0,0,0,0,0,0,0,0,0,0,0,0,0,0
1770054008327,56,500,5,0,0,4.85387,0,0,-0.00047636,0,0,0,0,0,0,0,0,0,0,0,0,0,0,0,0,0,0
1770054008328,57,500,5,0,0,4.88193,0,0,-0.000502825,0,0,0,0,0,0,0,0,0,0,0,0,0,0,0,0,0,0
1770054008328,58,500,5,0,0,4.81958,0,0,-0.000501394,0,0,0,0,0,0,0,0,0,0,0,0,0,0,0,0,0,0
1770054008329,59,500,5,0,0,4.90687,0,0,-0.000479937,0,0,0,0,0,0,0,0,0,0,0,0,0,0,0,0,0,0
1770054008329,60,500,5,0,0,4.72606,0,0,-0.000510454,0,0,0,0,0,0,0,0,0,0,0,0,0,0,0,0,0,0
1770054008330,61,500,5,0,0,4.86322,0,0,-0.000506639,0,0,0,0,0,0,0,0,0,0,0,0,0,0,0,0,0,0
1770054008330,62,501,5,0,0,4.80711,0,0,-0.000474215,0,0,0,0,0,0,0,0,0,0,0,0,0,0,0,0,0,0
1770054008331,63,500,5,0,0,4.81958,0,0,-0.000495195,0,0,0,0,0,0,0,0,0,0,0,0,0,0,0,0,0,0
1770054008331,0,501,5,0,0,4.90687,0,0,-0.000505686,0,0,0,0,0,0,0,0,0,0,0,0,0,0,0,0,0,0
1770054008332,1,500,5,0,0,4.74165,0,0,-0.000482082,0,0,0,0,0,0,0,0,0,0,0,0,0,0,0,0,0,0
1770054008332,2,500,5,0,0,4.81958,0,0,-0.000500679,0,0,0,0,0,0,0,0,0,0,0,0,0,0,0,0,0,0
1770054008333,3,500,5,0,0,4.81646,0,0,-0.00049901,0,0,0,0,0,0,0,0,0,0,0,0,0,0,0,0,0,0
1770054008333,4,500,5,0,0,4.81958,0,0,-0.000476599,0,0,0,0,0,0,0,0,0,0,0,0,0,0,0,0,0,0
1770054008334,5,500,5,0,0,4.88193,0,0,-0.000496387,0,0,0,0,0,0,0,0,0,0,0,0,0,0,0,0,0,0
1770054008334,6,500,5,0,0,4.78841,0,0,-0.000514984,0,0,0,0,0,0,0,0,0,0,0,0,0,0,0,0,0,0
1770054008335,7,500,5,0,0,4.82582,0,0,-0.000484943,0,0,0,0,0,0,0,0,0,0,0,0,0,0,0,0,0,0
1770054008335,8,500,5,0,0,4.80088,0,0,-0.000505686,0,0,0,0,0,0,0,0,0,0,0,0,0,0,0,0,0,0
1770054008336,9,500,5,0,0,4.77906,0,0,-0.00050354,0,0,0,0,0,0,0,0,0,0,0,0,0,0,0,0,0,0
1770054008336,10,500,5,0,0,4.86946,0,0,-0.00047636,0,0,0,0,0,0,0,0,0,0,0,0,0,0,0,0,0,0
1770054008337,11,500,5,0,0,4.76347,0,0,-0.000508547,0,0,0,0,0,0,0,0,0,0,0,0,0,0,0,0,0,0
1770054008337,12,500,5,0,0,4.79464,0,0,-0.000500917,0,0,0,0,0,0,0,0,0,0,0,0,0,0,0,0,0,0
1770054008338,13,501,5,0,0,4.83205,0,0,-0.000491858,0,0,0,0,0,0,0,0,0,0,0,0,0,0,0,0,0,0
1770054008338,14,500,5,0,0,4.94739,0,0,-0.000512123,0,0,0,0,0,0,0,0,0,0,0,0,0,0,0,0,0,0
1770054008339,15,501,5,0,0,4.88816,0,0,-0.000503778,0,0,0,0,0,0,0,0,0,0,0,0,0,0,0,0,0,0
1770054008339,16,500,5,0,0,4.82582,0,0,-0.000472069,0,0,0,0,0,0,0,0,0,0,0,0,0,0,0,0,0,0
1770054008340,17,500,5,0,0,4.92557,0,0,-0.000503778,0,0,0,0,0,0,0,0,0,0,0,0,0,0,0,0,0,0
1770054008340,18,500,5,0,0,4.8944,0,0,-0.000499249,0,0,0,0,0,0,0,0,0,0,0,0,0,0,0,0,0,0
1770054008341,19,500,5,0,0,4.85075,0,0,-0.00048852,0,0,0,0,0,0,0,0,0,0,0,0,0,0,0,0,0,0
1770054008341,20,500,5,0,0,4.77594,0,0,-0.000509977,0,0,0,0,0,0,0,0,0,0,0,0,0,0,0,0,0,0
1770054008342,21,500,5,0,0,4.82582,0,0,-0.000504255,0,0,0,0,0,0,0,0,0,0,0,0,0,0,0,0,0,0
1770054008342,22,500,5,0,0,4.77594,0,0,-0.000472307,0,0,0,0,0,0,0,0,0,0,0,0,0,0,0,0,0,0
1770054008343,23,500,5,0,0,4.81646,0,0,-0.000509501,0,0,0,0,0,0,0,0,0,0,0,0,0,0,0,0,0,0
1770054008343,24,500,5,0,0,4.77594,0,0,-0.000500679,0,0,0,0,0,0,0,0,0,0,0,0,0,0,0,0,0,0
1770054008344,25,500,5,0,0,4.79776,0,0,-0.000485182,0,0,0,0,0,0,0,0,0,0,0,0,0,0,0,0,0,0
1770054008344,26,500,5,0,0,4.78217,0,0,-0.000500679,0,0,0,0,0,0,0,0,0,0,0,0,0,0,0,0,0,0
1770054008345,27,500,5,0,0,4.88816,0,0,-0.000496626,0,0,0,0,0,0,0,0,0,0,0,0,0,0,0,0,0,0
1770054008345,28,501,5,0,0,4.82582,0,0,-0.000475645,0,0,0,0,0,0,0,0,0,0,0,0,0,0,0,0,0,0
1770054008346,29,500,5,0,0,4.93804,0,0,-0.000509501,0,0,0,0,0,0,0,0,0,0,0,0,0,0,0,0,0,0
1770054008346,30,501,5,0,0,4.88193,0,0,-0.000500679,0,0,0,0,0,0,0,0,0,0,0,0,0,0,0,0,0,0
1770054008347,31,500,5,0,0,4.87257,0,0,-0.000489235,0,0,0,0,0,0,0,0,0,0,0,0,0,0,0,0,0,0
1770054008347,32,500,5,0,0,4.76347,0,0,-0.000504971,0,0,0,0,0,0,0,0,0,0,0,0,0,0,0,0,0,0
1770054008348,33,500,5,0,0,4.76035,0,0,-0.00049901,0,0,0,0,0,0,0,0,0,0,0,0,0,0,0,0,0,0
1770054008348,34,500,5,0,0,4.92557,0,0,-0.00047493,0,0,0,0,0,0,0,0,0,0,0,0,0,0,0,0,0,0
1770054008349,35,500,5,0,0,4.93804,0,0,-0.000506163,0,0,0,0,0,0,0,0,0,0,0,0,0,0,0,0,0,0
1770054008349,36,500,5,0,0,4.9318,0,0,-0.000496626,0,0,0,0,0,0,0,0,0,0,0,0,0,0,0,0,0,0
1770054008350,37,500,5,0,0,4.88816,0,0,-0.000489235,0,0,0,0,0,0,0,0,0,0,0,0,0,0,0,0,0,0
1770054008350,38,500,5,0,0,4.89128,0,0,-0.000499249,0,0,0,0,0,0,0,0,0,0,0,0,0,0,0,0,0,0
1770054008351,39,500,5,0,0,4.83828,0,0,-0.000504971,0,0,0,0,0,0,0,0,0,0,0,0,0,0,0,0,0,0
1770054008351,40,500,5,0,0,4.98168,0,0,-0.000474215,0,0,0,0,0,0,0,0,0,0,0,0,0,0,0,0,0,0
1770054008352,41,500,5,0,0,4.82582,0,0,-0.000510454,0,0,0,0,0,0,0,0,0,0,0,0,0,0,0,0,0,0
1770054008352,42,500,5,0,0,4.82582,0,0,-0.000499964,0,0,0,0,0,0,0,0,0,0,0,0,0,0,0,0,0,0
1770054008352,43,501,5,0,0,4.68554,0,0,-0.000496387,0,0,0,0,0,0,0,0,0,0,0,0,0,0,0,0,0,0
1770054008352,44,500,5,0,0,4.81646,0,0,-0.00050211,0,0,0,0,0,0,0,0,0,0,0,0,0,0,0,0,0,0
1770054008353,45,501,5,0,0,4.88193,0,0,-0.000499964,0,0,0,0,0,0,0,0,0,0,0,0,0,0,0,0,0,0
1770054008353,46,500,5,0,0,4.88193,0,0,-0.000492811,0,0,0,0,0,0,0,0,0,0,0,0,0,0,0,0,0,0
1770054008354,47,500,5,0,0,4.85075,0,0,-0.000510454,0,0,0,0,0,0,0,0,0,0,0,0,0,0,0,0,0,0
1770054008354,48,500,5,0,0,4.88816,0,0,-0.000487089,0,0,0,0,0,0,0,0,0,0,0,0,0,0,0,0,0,0
1770054008355,49,500,5,0,0,4.92869,0,0,-0.000504732,0,0,0,0,0,0,0,0,0,0,0,0,0,0,0,0,0,0
1770054008355,50,500,5,0,0,4.7697,0,0,-0.00050211,0,0,0,0,0,0,0,0,0,0,0,0,0,0,0,0,0,0
1770054008356,51,500,5,0,0,4.82582,0,0,-0.000474691,0,0,0,0,0,0,0,0,0,0,0,0,0,0,0,0,0,0
1770054008356,52,500,5,0,0,4.76035,0,0,-0.00050211,0,0,0,0,0,0,0,0,0,0,0,0,0,0,0,0,0,0
1770054008357,53,500,5,0,0,4.90998,0,0,-0.000508547,0,0,0,0,0,0,0,0,0,0,0,0,0,0,0,0,0,0
1770054008357,54,500,5,0,0,4.85387,0,0,-0.000485659,0,0,0,0,0,0,0,0,0,0,0,0,0,0,0,0,0,0
1770054008359,55,500,5,0,0,4.86946,0,0,-0.000513554,0,0,0,0,0,0,0,0,0,0,0,0,0,0,0,0,0,0
1770054008359,56,500,5,0,0,4.86322,0,0,-0.000500441,0,0,0,0,0,0,0,0,0,0,0,0,0,0,0,0,0,0
1770054008360,57,500,5,0,0,4.77594,0,0,-0.000483513,0,0,0,0,0,0,0,0,0,0,0,0,0,0,0,0,0,0
1770054008360,58,501,5,0,0,4.81958,0,0,-0.00050354,0,0,0,0,0,0,0,0,0,0,0,0,0,0,0,0,0,0
1770054008361,59,500,5,0,0,4.67619,0,0,-0.000506639,0,0,0,0,0,0,0,0,0,0,0,0,0,0,0,0,0,0
1770054008361,60,501,5,0,0,4.78841,0,0,-0.000483274,0,0,0,0,0,0,0,0,0,0,0,0,0,0,0,0,0,0
1770054008362,61,500,5,0,0,4.82582,0,0,-0.000507832,0,0,0,0,0,0,0,0,0,0,0,0,0,0,0,0,0,0
1770054008362,62,500,5,0,0,4.93804,0,0,-0.000500917,0,0,0,0,0,0,0,0,0,0,0,0,0,0,0,0,0,0
1770054008363,63,500,5,0,0,4.80088,0,0,-0.000476122,0,0,0,0,0,0,0,0,0,0,0,0,0,0,0,0,0,0
1770054008363,0,500,5,0,0,4.78841,0,0,-0.000508547,0,0,0,0,0,0,0,0,0,0,0,0,0,0,0,0,0,0
1770054008364,1,500,5,0,0,4.83205,0,0,-0.000499964,0,0,0,0,0,0,0,0,0,0,0,0,0,0,0,0,0,0
1770054008364,2,500,5,0,0,4.8944,0,0,-0.000485659,0,0,0,0,0,0,0,0,0,0,0,0,0,0,0,0,0,0
1770054008365,3,500,5,0,0,4.85387,0,0,-0.000512123,0,0,0,0,0,0,0,0,0,0,0,0,0,0,0,0,0,0
1770054008365,4,500,5,0,0,4.79776,0,0,-0.000509977,0,0,0,0,0,0,0,0,0,0,0,0,0,0,0,0,0,0
1770054008366,5,500,5,0,0,4.74477,0,0,-0.000480652,0,0,0,0,0,0,0,0,0,0,0,0,0,0,0,0,0,0
1770054008366,6,500,5,0,0,4.85075,0,0,-0.000506639,0,0,0,0,0,0,0,0,0,0,0,0,0,0,0,0,0,0
1770054008367,7,500,5,0,0,4.80711,0,0,-0.000500679,0,0,0,0,0,0,0,0,0,0,0,0,0,0,0,0,0,0
1770054008367,8,500,5,0,0,4.81958,0,0,-0.000485659,0,0,0,0,0,0,0,0,0,0,0,0,0,0,0,0,0,0
1770054008368,9,501,5,0,0,4.87569,0,0,-0.000511885,0,0,0,0,0,0,0,0,0,0,0,0,0,0,0,0,0,0
1770054008368,10,500,5,0,0,4.9131,0,0,-0.000503778,0,0,0,0,0,0,0,0,0,0,0,0,0,0,0,0,0,0
1770054008369,11,501,5,0,0,4.80088,0,0,-0.000470638,0,0,0,0,0,0,0,0,0,0,0,0,0,0,0,0,0,0
1770054008369,12,500,5,0,0,4.7323,0,0,-0.000509262,0,0,0,0,0,0,0,0,0,0,0,0,0,0,0,0,0,0
1770054008370,13,500,5,0,0,4.81646,0,0,-0.000509262,0,0,0,0,0,0,0,0,0,0,0,0,0,0,0,0,0,0
1770054008370,14,500,5,0,0,4.751,0,0,-0.00048852,0,0,0,0,0,0,0,0,0,0,0,0,0,0,0,0,0,0
1770054008371,15,500,5,0,0,4.79464,0,0,-0.000513792,0,0,0,0,0,0,0,0,0,0,0,0,0,0,0,0,0,0
1770054008371,16,500,5,0,0,4.80711,0,0,-0.000510693,0,0,0,0,0,0,0,0,0,0,0,0,0,0,0,0,0,0
1770054008372,17,500,5,0,0,4.79776,0,0,-0.000472069,0,0,0,0,0,0,0,0,0,0,0,0,0,0,0,0,0,0
1770054008372,18,500,5,0,0,4.87257,0,0,-0.000506401,0,0,0,0,0,0,0,0,0,0,0,0,0,0,0,0,0,0
1770054008373,19,500,5,0,0,4.86322,0,0,-0.000497818,0,0,0,0,0,0,0,0,0,0,0,0,0,0,0,0,0,0
1770054008373,20,500,5,0,0,4.86946,0,0,-0.000487804,0,0,0,0,0,0,0,0,0,0,0,0,0,0,0,0,0,0
1770054008374,21,500,5,0,0,4.83517,0,0,-0.00050211,0,0,0,0,0,0,0,0,0,0,0,0,0,0,0,0,0,0
1770054008374,22,500,5,0,0,4.87257,0,0,-0.000509977,0,0,0,0,0,0,0,0,0,0,0,0,0,0,0,0,0,0
1770054008375,23,500,5,0,0,4.85075,0,0,-0.000480652,0,0,0,0,0,0,0,0,0,0,0,0,0,0,0,0,0,0
1770054008375,24,500,5,0,0,4.83205,0,0,-0.000516415,0,0,0,0,0,0,0,0,0,0,0,0,0,0,0,0,0,0
1770054008376,25,500,5,0,0,4.79776,0,0,-0.000498056,0,0,0,0,0,0,0,0,0,0,0,0,0,0,0,0,0,0
1770054008376,26,501,5,0,0,4.90998,0,0,-0.000487804,0,0,0,0,0,0,0,0,0,0,0,0,0,0,0,0,0,0
1770054008377,27,500,5,0,0,4.87569,0,0,-0.000508547,0,0,0,0,0,0,0,0,0,0,0,0,0,0,0,0,0,0
1770054008377,28,501,5,0,0,4.81958,0,0,-0.000499487,0,0,0,0,0,0,0,0,0,0,0,0,0,0,0,0,0,0
1770054008378,29,500,5,0,0,4.80088,0,0,-0.000494242,0,0,0,0,0,0,0,0,0,0,0,0,0,0,0,0,0,0
1770054008378,30,501,5,0,0,4.68242,0,0,-0.000514746,0,0,0,0,0,0,0,0,0,0,0,0,0,0,0,0,0,0
1770054008379,31,500,5,0,0,4.81646,0,0,-0.000495672,0,0,0,0,0,0,0,0,0,0,0,0,0,0,0,0,0,0
1770054008379,32,500,5,0,0,4.81646,0,0,-0.000502825,0,0,0,0,0,0,0,0,0,0,0,0,0,0,0,0,0,0
1770054008380,33,500,5,0,0,4.84452,0,0,-0.000504732,0,0,0,0,0,0,0,0,0,0,0,0,0,0,0,0,0,0
1770054008380,34,500,5,0,0,4.74477,0,0,-0.000478506,0,0,0,0,0,0,0,0,0,0,0,0,0,0,0,0,0,0
1770054008381,35,500,5,0,0,4.77906,0,0,-0.000497818,0,0,0,0,0,0,0,0,0,0,0,0,0,0,0,0,0,0
1770054008381,36,500,5,0,0,4.85387,0,0,-0.000505209,0,0,0,0,0,0,0,0,0,0,0,0,0,0,0,0,0,0
1770054008382,37,500,5,0,0,4.85699,0,0,-0.000479937,0,0,0,0,0,0,0,0,0,0,0,0,0,0,0,0,0,0
1770054008382,38,500,5,0,0,4.85075,0,0,-0.000502825,0,0,0,0,0,0,0,0,0,0,0,0,0,0,0,0,0,0
1770054008383,39,500,5,0,0,4.86322,0,0,-0.000508547,0,0,0,0,0,0,0,0,0,0,0,0,0,0,0,0,0,0
1770054008383,40,500,5,0,0,4.89128,0,0,-0.000475645,0,0,0,0,0,0,0,0,0,0,0,0,0,0,0,0,0,0
1770054008384,41,500,5,0,0,4.87257,0,0,-0.00050807,0,0,0,0,0,0,0,0,0,0,0,0,0,0,0,0,0,0
1770054008384,42,500,5,0,0,4.93804,0,0,-0.000502825,0,0,0,0,0,0,0,0,0,0,0,0,0,0,0,0,0,0
1770054008385,43,501,5,0,0,4.83205,0,0,-0.000482082,0,0,0,0,0,0,0,0,0,0,0,0,0,0,0,0,0,0
1770054008385,44,500,5,0,0,4.83517,0,0,-0.000515223,0,0,0,0,0,0,0,0,0,0,0,0,0,0,0,0,0,0
1770054008386,45,501,5,0,0,4.85387,0,0,-0.000508547,0,0,0,0,0,0,0,0,0,0,0,0,0,0,0,0,0,0
1770054008386,46,500,5,0,0,4.92869,0,0,-0.000477552,0,0,0,0,0,0,0,0,0,0,0,0,0,0,0,0,0,0
1770054008387,47,500,5,0,0,4.71359,0,0,-0.000498533,0,0,0,0,0,0,0,0,0,0,0,0,0,0,0,0,0,0
1770054008387,48,500,5,0,0,4.83517,0,0,-0.000500441,0,0,0,0,0,0,0,0,0,0,0,0,0,0,0,0,0,0
1770054008388,49,500,5,0,0,4.90063,0,0,-0.000486374,0,0,0,0,0,0,0,0,0,0,0,0,0,0,0,0,0,0
1770054008388,50,500,5,0,0,4.83828,0,0,-0.000511408,0,0,0,0,0,0,0,0,0,0,0,0,0,0,0,0,0,0
1770054008389,51,500,5,0,0,4.81335,0,0,-0.000495672,0,0,0,0,0,0,0,0,0,0,0,0,0,0,0,0,0,0
1770054008389,52,500,5,0,0,4.79776,0,0,-0.000479937,0,0,0,0,0,0,0,0,0,0,0,0,0,0,0,0,0,0
1770054008390,53,500,5,0,0,4.78217,0,0,-0.000512123,0,0,0,0,0,0,0,0,0,0,0,0,0,0,0,0,0,0
1770054008390,54,500,5,0,0,4.85075,0,0,-0.000498533,0,0,0,0,0,0,0,0,0,0,0,0,0,0,0,0,0,0
1770054008391,55,500,5,0,0,4.81335,0,0,-0.000477791,0,0,0,0,0,0,0,0,0,0,0,0,0,0,0,0,0,0
1770054008391,56,501,5,0,0,4.79776,0,0,-0.000507593,0,0,0,0,0,0,0,0,0,0,0,0,0,0,0,0,0,0
1770054008392,57,500,5,0,0,4.90063,0,0,-0.000511408,0,0,0,0,0,0,0,0,0,0,0,0,0,0,0,0,0,0
1770054008392,58,501,5,0,0,4.83517,0,0,-0.000468016,0,0,0,0,0,0,0,0,0,0,0,0,0,0,0,0,0,0
1770054008393,59,500,5,0,0,4.85075,0,0,-0.000499964,0,0,0,0,0,0,0,0,0,0,0,0,0,0,0,0,0,0
1770054008393,60,501,5,0,0,4.83828,0,0,-0.000504255,0,0,0,0,0,0,0,0,0,0,0,0,0,0,0,0,0,0
1770054008394,61,500,5,0,0,4.8944,0,0,-0.000485182,0,0,0,0,0,0,0,0,0,0,0,0,0,0,0,0,0,0
1770054008394,62,500,5,0,0,4.86946,0,0,-0.000511885,0,0,0,0,0,0,0,0,0,0,0,0,0,0,0,0,0,0
1770054008395,63,500,5,0,0,4.86322,0,0,-0.000497103,0,0,0,0,0,0,0,0,0,0,0,0,0,0,0,0,0,0
1770054008395,0,500,5,0,0,4.88816,0,0,-0.000465631,0,0,0,0,0,0,0,0,0,0,0,0,0,0,0,0,0,0
1770054008396,1,500,5,0,0,4.78841,0,0,-0.000504732,0,0,0,0,0,0,0,0,0,0,0,0,0,0,0,0,0,0
1770054008396,2,500,5,0,0,4.80711,0,0,-0.000503778,0,0,0,0,0,0,0,0,0,0,0,0,0,0,0,0,0,0
1770054008397,3,500,5,0,0,4.78217,0,0,-0.000482082,0,0,0,0,0,0,0,0,0,0,0,0,0,0,0,0,0,0
1770054008397,4,500,5,0,0,4.81335,0,0,-0.00050354,0,0,0,0,0,0,0,0,0,0,0,0,0,0,0,0,0,0
1770054008398,5,500,5,0,0,4.81958,0,0,-0.00049758,0,0,0,0,0,0,0,0,0,0,0,0,0,0,0,0,0,0
1770054008398,6,500,5,0,0,4.81646,0,0,-0.000471354,0,0,0,0,0,0,0,0,0,0,0,0,0,0,0,0,0,0
1770054008399,7,500,5,0,0,4.79776,0,0,-0.000503302,0,0,0,0,0,0,0,0,0,0,0,0,0,0,0,0,0,0
1770054008399,8,500,5,0,0,4.76347,0,0,-0.000500917,0,0,0,0,0,0,0,0,0,0,0,0,0,0,0,0,0,0
1770054008400,9,501,5,0,0,4.81958,0,0,-0.000488043,0,0,0,0,0,0,0,0,0,0,0,0,0,0,0,0,0,0
1770054008400,10,500,5,0,0,4.87569,0,0,-0.000507832,0,0,0,0,0,0,0,0,0,0,0,0,0,0,0,0,0,0
1770054008401,11,501,5,0,0,4.84452,0,0,-0.000504971,0,0,0,0,0,0,0,0,0,0,0,0,0,0,0,0,0,0
1770054008401,12,500,5,0,0,4.87569,0,0,-0.000468969,0,0,0,0,0,0,0,0,0,0,0,0,0,0,0,0,0,0
1770054008402,13,500,5,0,0,4.88816,0,0,-0.000509501,0,0,0,0,0,0,0,0,0,0,0,0,0,0,0,0,0,0
1770054008402,14,500,5,0,0,4.88193,0,0,-0.000501394,0,0,0,0,0,0,0,0,0,0,0,0,0,0,0,0,0,0
1770054008403,15,500,5,0,0,4.87569,0,0,-0.000482798,0,0,0,0,0,0,0,0,0,0,0,0,0,0,0,0,0,0
1770054008403,16,500,5,0,0,4.99415,0,0,-0.000502348,0,0,0,0,0,0,0,0,0,0,0,0,0,0,0,0,0,0
1770054008404,17,500,5,0,0,4.88816,0,0,-0.000493765,0,0,0,0,0,0,0,0,0,0,0,0,0,0,0,0,0,0
1770054008404,18,500,5,0,0,4.90687,0,0,-0.000478029,0,0,0,0,0,0,0,0,0,0,0,0,0,0,0,0,0,0
1770054008405,19,500,5,0,0,4.79776,0,0,-0.000507832,0,0,0,0,0,0,0,0,0,0,0,0,0,0,0,0,0,0
1770054008405,20,500,5,0,0,4.81335,0,0,-0.000492096,0,0,0,0,0,0,0,0,0,0,0,0,0,0,0,0,0,0
1770054008406,21,500,5,0,0,4.85075,0,0,-0.00048089,0,0,0,0,0,0,0,0,0,0,0,0,0,0,0,0,0,0
1770054008406,22,500,5,0,0,4.78841,0,0,-0.000499249,0,0,0,0,0,0,0,0,0,0,0,0,0,0,0,0,0,0
1770054008407,23,500,5,0,0,4.77906,0,0,-0.000504255,0,0,0,0,0,0,0,0,0,0,0,0,0,0,0,0,0,0
1770054008407,24,501,5,0,0,4.81958,0,0,-0.000464201,0,0,0,0,0,0,0,0,0,0,0,0,0,0,0,0,0,0
1770054008408,25,500,5,0,0,4.8944,0,0,-0.000506401,0,0,0,0,0,0,0,0,0,0,0,0,0,0,0,0,0,0
1770054008408,26,501,5,0,0,4.83205,0,0,-0.000504971,0,0,0,0,0,0,0,0,0,0,0,0,0,0,0,0,0,0
1770054008409,27,500,5,0,0,4.88193,0,0,-0.000495195,0,0,0,0,0,0,0,0,0,0,0,0,0,0,0,0,0,0
1770054008409,28,500,5,0,0,4.7697,0,0,-0.000511408,0,0,0,0,0,0,0,0,0,0,0,0,0,0,0,0,0,0
1770054008410,29,500,5,0,0,4.75723,0,0,-0.000497103,0,0,0,0,0,0,0,0,0,0,0,0,0,0,0,0,0,0
1770054008410,30,500,5,0,0,4.76035,0,0,-0.000482082,0,0,0,0,0,0,0,0,0,0,0,0,0,0,0,0,0,0
1770054008411,31,500,5,0,0,4.91933,0,0,-0.000506401,0,0,0,0,0,0,0,0,0,0,0,0,0,0,0,0,0,0
1770054008411,32,500,5,0,0,4.78841,0,0,-0.000491858,0,0,0,0,0,0,0,0,0,0,0,0,0,0,0,0,0,0
1770054008412,33,500,5,0,0,4.84452,0,0,-0.000496626,0,0,0,0,0,0,0,0,0,0,0,0,0,0,0,0,0,0
1770054008412,34,500,5,0,0,4.83828,0,0,-0.000507832,0,0,0,0,0,0,0,0,0,0,0,0,0,0,0,0,0,0
1770054008413,35,500,5,0,0,4.87257,0,0,-0.000486135,0,0,0,0,0,0,0,0,0,0,0,0,0,0,0,0,0,0
1770054008413,36,500,5,0,0,4.79464,0,0,-0.000498533,0,0,0,0,0,0,0,0,0,0,0,0,0,0,0,0,0,0
1770054008414,37,500,5,0,0,4.71983,0,0,-0.000505686,0,0,0,0,0,0,0,0,0,0,0,0,0,0,0,0,0,0
1770054008414,38,500,5,0,0,4.76347,0,0,-0.000487566,0,0,0,0,0,0,0,0,0,0,0,0,0,0,0,0,0,0
1770054008415,39,500,5,0,0,4.83205,0,0,-0.000506639,0,0,0,0,0,0,0,0,0,0,0,0,0,0,0,0,0,0
1770054008415,40,500,5,0,0,4.88816,0,0,-0.000493765,0,0,0,0,0,0,0,0,0,0,0,0,0,0,0,0,0,0
1770054008416,41,501,5,0,0,4.88193,0,0,-0.000476599,0,0,0,0,0,0,0,0,0,0,0,0,0,0,0,0,0,0
1770054008416,42,500,5,0,0,4.78841,0,0,-0.000507593,0,0,0,0,0,0,0,0,0,0,0,0,0,0,0,0,0,0
1770054008417,43,501,5,0,0,4.68554,0,0,-0.000509977,0,0,0,0,0,0,0,0,0,0,0,0,0,0,0,0,0,0
1770054008417,44,500,5,0,0,4.7697,0,0,-0.000487089,0,0,0,0,0,0,0,0,0,0,0,0,0,0,0,0,0,0
1770054008418,45,501,5,0,0,4.79776,0,0,-0.000515699,0,0,0,0,0,0,0,0,0,0,0,0,0,0,0,0,0,0
1770054008418,46,500,5,0,0,4.80711,0,0,-0.00050354,0,0,0,0,0,0,0,0,0,0,0,0,0,0,0,0,0,0
1770054008419,47,500,5,0,0,4.93804,0,0,-0.000477076,0,0,0,0,0,0,0,0,0,0,0,0,0,0,0,0,0,0
1770054008419,48,500,5,0,0,4.87257,0,0,-0.000509024,0,0,0,0,0,0,0,0,0,0,0,0,0,0,0,0,0,0
1770054008420,49,500,5,0,0,4.84452,0,0,-0.000509024,0,0,0,0,0,0,0,0,0,0,0,0,0,0,0,0,0,0
1770054008420,50,500,5,0,0,4.90063,0,0,-0.000481844,0,0,0,0,0,0,0,0,0,0,0,0,0,0,0,0,0,0
1770054008421,51,500,5,0,0,4.88816,0,0,-0.000496626,0,0,0,0,0,0,0,0,0,0,0,0,0,0,0,0,0,0
1770054008421,52,500,5,0,0,4.85699,0,0,-0.000499487,0,0,0,0,0,0,0,0,0,0,0,0,0,0,0,0,0,0
1770054008422,53,500,5,0,0,4.84452,0,0,-0.000482082,0,0,0,0,0,0,0,0,0,0,0,0,0,0,0,0,0,0
1770054008422,54,500,5,0,0,4.76035,0,0,-0.000513315,0,0,0,0,0,0,0,0,0,0,0,0,0,0,0,0,0,0
1770054008423,55,500,5,0,0,4.8944,0,0,-0.000509977,0,0,0,0,0,0,0,0,0,0,0,0,0,0,0,0,0,0
1770054008423,56,500,5,0,0,4.89128,0,0,-0.000486135,0,0,0,0,0,0,0,0,0,0,0,0,0,0,0,0,0,0
1770054008424,57,500,5,0,0,4.85699,0,0,-0.00050354,0,0,0,0,0,0,0,0,0,0,0,0,0,0,0,0,0,0
1770054008424,58,500,5,0,0,4.80711,0,0,-0.000499249,0,0,0,0,0,0,0,0,0,0,0,0,0,0,0,0,0,0
1770054008425,59,500,5,0,0,4.88193,0,0,-0.00046277,0,0,0,0,0,0,0,0,0,0,0,0,0,0,0,0,0,0
1770054008425,60,501,5,0,0,4.90687,0,0,-0.000505686,0,0,0,0,0,0,0,0,0,0,0,0,0,0,0,0,0,0
1770054008426,61,500,5,0,0,4.89128,0,0,-0.000504732,0,0,0,0,0,0,0,0,0,0,0,0,0,0,0,0,0,0
1770054008426,62,501,5,0,0,4.88816,0,0,-0.000494719,0,0,0,0,0,0,0,0,0,0,0,0,0,0,0,0,0,0
1770054008427,63,500,5,0,0,4.81646,0,0,-0.000509024,0,0,0,0,0,0,0,0,0,0,0,0,0,0,0,0,0,0
1770054008427,0,500,5,0,0,4.7697,0,0,-0.000503302,0,0,0,0,0,0,0,0,0,0,0,0,0,0,0,0,0,0
1770054008428,1,500,5,0,0,4.78217,0,0,-0.00047493,0,0,0,0,0,0,0,0,0,0,0,0,0,0,0,0,0,0
1770054008428,2,500,5,0,0,4.90687,0,0,-0.000516653,0,0,0,0,0,0,0,0,0,0,0,0,0,0,0,0,0,0
1770054008429,3,500,5,0,0,4.86946,0,0,-0.000504732,0,0,0,0,0,0,0,0,0,0,0,0,0,0,0,0,0,0
1770054008429,4,500,5,0,0,4.83517,0,0,-0.000484228,0,0,0,0,0,0,0,0,0,0,0,0,0,0,0,0,0,0
1770054008430,5,500,5,0,0,4.81646,0,0,-0.000504732,0,0,0,0,0,0,0,0,0,0,0,0,0,0,0,0,0,0
1770054008430,6,500,5,0,0,4.70736,0,0,-0.000504971,0,0,0,0,0,0,0,0,0,0,0,0,0,0,0,0,0,0
1770054008431,7,500,5,0,0,4.80088,0,0,-0.000473499,0,0,0,0,0,0,0,0,0,0,0,0,0,0,0,0,0,0
1770054008431,8,500,5,0,0,4.83517,0,0,-0.000514984,0,0,0,0,0,0,0,0,0,0,0,0,0,0,0,0,0,0
1770054008432,9,500,5,0,0,4.84452,0,0,-0.000503302,0,0,0,0,0,0,0,0,0,0,0,0,0,0,0,0,0,0
1770054008432,10,500,5,0,0,4.85699,0,0,-0.000484705,0,0,0,0,0,0,0,0,0,0,0,0,0,0,0,0,0,0
1770054008433,11,500,5,0,0,4.86946,0,0,-0.00050211,0,0,0,0,0,0,0,0,0,0,0,0,0,0,0,0,0,0
1770054008433,12,500,5,0,0,4.79464,0,0,-0.000508547,0,0,0,0,0,0,0,0,0,0,0,0,0,0,0,0,0,0
1770054008434,13,501,5,0,0,4.80711,0,0,-0.000467062,0,0,0,0,0,0,0,0,0,0,0,0,0,0,0,0,0,0
1770054008434,14,500,5,0,0,4.74165,0,0,-0.000514984,0,0,0,0,0,0,0,0,0,0,0,0,0,0,0,0,0,0
1770054008435,15,500,5,0,0,4.77594,0,0,-0.000501871,0,0,0,0,0,0,0,0,0,0,0,0,0,0,0,0,0,0
1770054008435,16,500,5,0,0,4.82582,0,0,-0.000493526,0,0,0,0,0,0,0,0,0,0,0,0,0,0,0,0,0,0
1770054008436,17,500,5,0,0,4.78217,0,0,-0.00050211,0,0,0,0,0,0,0,0,0,0,0,0,0,0,0,0,0,0
1770054008436,18,500,5,0,0,4.81646,0,0,-0.00050211,0,0,0,0,0,0,0,0,0,0,0,0,0,0,0,0,0,0
1770054008437,19,500,5,0,0,4.73853,0,0,-0.000477552,0,0,0,0,0,0,0,0,0,0,0,0,0,0,0,0,0,0
1770054008437,20,500,5,0,0,4.83828,0,0,-0.000507116,0,0,0,0,0,0,0,0,0,0,0,0,0,0,0,0,0,0
1770054008438,21,500,5,0,0,4.71359,0,0,-0.000497818,0,0,0,0,0,0,0,0,0,0,0,0,0,0,0,0,0,0
1770054008438,22,501,5,0,0,4.78841,0,0,-0.000510693,0,0,0,0,0,0,0,0,0,0,0,0,0,0,0,0,0,0
1770054008439,23,500,5,0,0,4.81958,0,0,-0.000507593,0,0,0,0,0,0,0,0,0,0,0,0,0,0,0,0,0,0
1770054008439,24,501,5,0,0,4.85075,0,0,-0.00048089,0,0,0,0,0,0,0,0,0,0,0,0,0,0,0,0,0,0
1770054008440,25,500,5,0,0,4.82582,0,0,-0.000492334,0,0,0,0,0,0,0,0,0,0,0,0,0,0,0,0,0,0
1770054008440,26,501,5,0,0,4.86946,0,0,-0.00050354,0,0,0,0,0,0,0,0,0,0,0,0,0,0,0,0,0,0
1770054008441,27,500,5,0,0,4.81646,0,0,-0.000483513,0,0,0,0,0,0,0,0,0,0,0,0,0,0,0,0,0,0
1770054008442,28,503,5,0,0,4.83517,0,0,-0.000500679,0,0,0,0,0,0,0,0,0,0,0,0,0,0,0,0,0,0
1770054008442,29,496,5,0,0,4.83517,0,0,-0.000500441,0,0,0,0,0,0,0,0,0,0,0,0,0,0,0,0,0,0
1770054008443,30,500,5,0,0,4.7697,0,0,-0.000478983,0,0,0,0,0,0,0,0,0,0,0,0,0,0,0,0,0,0
1770054008443,31,500,5,0,0,4.88193,0,0,-0.000510693,0,0,0,0,0,0,0,0,0,0,0,0,0,0,0,0,0,0
1770054008443,32,501,5,0,0,4.78217,0,0,-0.000504971,0,0,0,0,0,0,0,0,0,0,0,0,0,0,0,0,0,0
1770054008443,33,500,5,0,0,4.82582,0,0,-0.000482321,0,0,0,0,0,0,0,0,0,0,0,0,0,0,0,0,0,0
1770054008444,34,501,5,0,0,4.92869,0,0,-0.000505686,0,0,0,0,0,0,0,0,0,0,0,0,0,0,0,0,0,0
1770054008444,35,500,5,0,0,4.92869,0,0,-0.00049758,0,0,0,0,0,0,0,0,0,0,0,0,0,0,0,0,0,0
1770054008445,36,501,5,0,0,4.89128,0,0,-0.000472069,0,0,0,0,0,0,0,0,0,0,0,0,0,0,0,0,0,0
1770054008445,37,500,5,0,0,5.02221,0,0,-0.000501871,0,0,0,0,0,0,0,0,0,0,0,0,0,0,0,0,0,0
1770054008446,38,501,5,0,0,4.9848,0,0,-0.000506639,0,0,0,0,0,0,0,0,0,0,0,0,0,0,0,0,0,0
1770054008446,39,500,5,0,0,4.91933,0,0,-0.000484943,0,0,0,0,0,0,0,0,0,0,0,0,0,0,0,0,0,0
1770054008447,40,501,5,0,0,4.85387,0,0,-0.000504971,0,0,0,0,0,0,0,0,0,0,0,0,0,0,0,0,0,0
1770054008447,41,500,5,0,0,4.77906,0,0,-0.000500679,0,0,0,0,0,0,0,0,0,0,0,0,0,0,0,0,0,0
1770054008448,42,501,5,0,0,4.86946,0,0,-0.000471354,0,0,0,0,0,0,0,0,0,0,0,0,0,0,0,0,0,0
1770054008448,43,500,5,0,0,4.66995,0,0,-0.000501871,0,0,0,0,0,0,0,0,0,0,0,0,0,0,0,0,0,0
1770054008449,44,500,5,0,0,4.73853,0,0,-0.000502825,0,0,0,0,0,0,0,0,0,0,0,0,0,0,0,0,0,0
1770054008449,45,500,5,0,0,4.66683,0,0,-0.000486135,0,0,0,0,0,0,0,0,0,0,0,0,0,0,0,0,0,0
1770054008450,46,500,5,0,0,4.72294,0,0,-0.000514269,0,0,0,0,0,0,0,0,0,0,0,0,0,0,0,0,0,0
1770054008450,47,500,5,0,0,4.76347,0,0,-0.000498533,0,0,0,0,0,0,0,0,0,0,0,0,0,0,0,0,0,0
1770054008451,48,500,5,0,0,4.82582,0,0,-0.000470877,0,0,0,0,0,0,0,0,0,0,0,0,0,0,0,0,0,0
1770054008451,49,500,5,0,0,4.89128,0,0,-0.00050807,0,0,0,0,0,0,0,0,0,0,0,0,0,0,0,0,0,0
1770054008452,50,500,5,0,0,4.77594,0,0,-0.000504971,0,0,0,0,0,0,0,0,0,0,0,0,0,0,0,0,0,0
1770054008452,51,501,5,0,0,4.82582,0,0,-0.000486374,0,0,0,0,0,0,0,0,0,0,0,0,0,0,0,0,0,0
1770054008453,52,500,5,0,0,4.83517,0,0,-0.000501394,0,0,0,0,0,0,0,0,0,0,0,0,0,0,0,0,0,0
1770054008453,53,500,5,0,0,4.83517,0,0,-0.00049758,0,0,0,0,0,0,0,0,0,0,0,0,0,0,0,0,0,0
1770054008455,54,500,5,0,0,4.87257,0,0,-0.000471354,0,0,0,0,0,0,0,0,0,0,0,0,0,0,0,0,0,0
1770054008455,55,500,5,0,0,4.90063,0,0,-0.000505209,0,0,0,0,0,0,0,0,0,0,0,0,0,0,0,0,0,0
1770054008455,56,500,5,0,0,4.77906,0,0,-0.000504971,0,0,0,0,0,0,0,0,0,0,0,0,0,0,0,0,0,0
1770054008455,57,500,5,0,0,4.78841,0,0,-0.000490427,0,0,0,0,0,0,0,0,0,0,0,0,0,0,0,0,0,0
1770054008457,58,500,5,0,0,4.77906,0,0,-0.000509262,0,0,0,0,0,0,0,0,0,0,0,0,0,0,0,0,0,0
1770054008457,59,500,5,0,0,4.81646,0,0,-0.000512123,0,0,0,0,0,0,0,0,0,0,0,0,0,0,0,0,0,0
1770054008457,60,500,5,0,0,4.85075,0,0,-0.0004704,0,0,0,0,0,0,0,0,0,0,0,0,0,0,0,0,0,0
1770054008457,61,500,5,0,0,4.7697,0,0,-0.000507832,0,0,0,0,0,0,0,0,0,0,0,0,0,0,0,0,0,0
1770054008458,62,500,5,0,0,4.83517,0,0,-0.000511885,0,0,0,0,0,0,0,0,0,0,0,0,0,0,0,0,0,0
1770054008458,63,500,5,0,0,4.90063,0,0,-0.000483513,0,0,0,0,0,0,0,0,0,0,0,0,0,0,0,0,0,0
1770054008459,0,500,5,0,0,4.84452,0,0,-0.000507116,0,0,0,0,0,0,0,0,0,0,0,0,0,0,0,0,0,0
1770054008459,1,500,5,0,0,4.79464,0,0,-0.000506639,0,0,0,0,0,0,0,0,0,0,0,0,0,0,0,0,0,0
1770054008460,2,500,5,0,0,4.86322,0,0,-0.000470877,0,0,0,0,0,0,0,0,0,0,0,0,0,0,0,0,0,0
1770054008460,3,500,5,0,0,4.81335,0,0,-0.00049901,0,0,0,0,0,0,0,0,0,0,0,0,0,0,0,0,0,0
1770054008461,4,500,5,0,0,4.85699,0,0,-0.000498533,0,0,0,0,0,0,0,0,0,0,0,0,0,0,0,0,0,0
1770054008461,5,500,5,0,0,4.87569,0,0,-0.000484943,0,0,0,0,0,0,0,0,0,0,0,0,0,0,0,0,0,0
1770054008462,6,500,5,0,0,4.77594,0,0,-0.000509024,0,0,0,0,0,0,0,0,0,0,0,0,0,0,0,0,0,0
1770054008462,7,500,5,0,0,4.74477,0,0,-0.000502348,0,0,0,0,0,0,0,0,0,0,0,0,0,0,0,0,0,0
1770054008463,8,500,5,0,0,4.85075,0,0,-0.000466347,0,0,0,0,0,0,0,0,0,0,0,0,0,0,0,0,0,0
1770054008463,9,500,5,0,0,4.88193,0,0,-0.000507116,0,0,0,0,0,0,0,0,0,0,0,0,0,0,0,0,0,0
1770054008464,10,500,5,0,0,4.84452,0,0,-0.000510454,0,0,0,0,0,0,0,0,0,0,0,0,0,0,0,0,0,0
1770054008464,11,500,5,0,0,4.81646,0,0,-0.000489473,0,0,0,0,0,0,0,0,0,0,0,0,0,0,0,0,0,0
1770054008465,12,501,5,0,0,4.81335,0,0,-0.000505209,0,0,0,0,0,0,0,0,0,0,0,0,0,0,0,0,0,0
1770054008465,13,500,5,0,0,4.90687,0,0,-0.000492811,0,0,0,0,0,0,0,0,0,0,0,0,0,0,0,0,0,0
1770054008466,14,501,5,0,0,4.72294,0,0,-0.000482082,0,0,0,0,0,0,0,0,0,0,0,0,0,0,0,0,0,0
1770054008466,15,500,5,0,0,4.81335,0,0,-0.000503778,0,0,0,0,0,0,0,0,0,0,0,0,0,0,0,0,0,0
1770054008467,16,501,5,0,0,4.81646,0,0,-0.00048995,0,0,0,0,0,0,0,0,0,0,0,0,0,0,0,0,0,0
1770054008467,17,500,5,0,0,4.7323,0,0,-0.000496149,0,0,0,0,0,0,0,0,0,0,0,0,0,0,0,0,0,0
1770054008468,18,500,5,0,0,4.79464,0,0,-0.000501394,0,0,0,0,0,0,0,0,0,0,0,0,0,0,0,0,0,0
1770054008468,19,500,5,0,0,4.81335,0,0,-0.000499964,0,0,0,0,0,0,0,0,0,0,0,0,0,0,0,0,0,0
1770054008469,20,500,5,0,0,4.7323,0,0,-0.000489235,0,0,0,0,0,0,0,0,0,0,0,0,0,0,0,0,0,0
1770054008469,21,500,5,0,0,4.80088,0,0,-0.000511408,0,0,0,0,0,0,0,0,0,0,0,0,0,0,0,0,0,0
1770054008471,22,500,5,0,0,4.81958,0,0,-0.000478506,0,0,0,0,0,0,0,0,0,0,0,0,0,0,0,0,0,0
1770054008471,23,500,5,0,0,4.78841,0,0,-0.000502825,0,0,0,0,0,0,0,0,0,0,0,0,0,0,0,0,0,0
1770054008472,24,500,5,0,0,4.85387,0,0,-0.000503778,0,0,0,0,0,0,0,0,0,0,0,0,0,0,0,0,0,0
1770054008472,25,500,5,0,0,4.85387,0,0,-0.000479221,0,0,0,0,0,0,0,0,0,0,0,0,0,0,0,0,0,0
1770054008473,26,500,5,0,0,4.86946,0,0,-0.000505209,0,0,0,0,0,0,0,0,0,0,0,0,0,0,0,0,0,0
1770054008473,27,500,5,0,0,4.81335,0,0,-0.000512838,0,0,0,0,0,0,0,0,0,0,0,0,0,0,0,0,0,0
1770054008473,28,500,5,0,0,4.80088,0,0,-0.000487804,0,0,0,0,0,0,0,0,0,0,0,0,0,0,0,0,0,0
1770054008473,29,501,5,0,0,4.86322,0,0,-0.000505209,0,0,0,0,0,0,0,0,0,0,0,0,0,0,0,0,0,0
1770054008474,30,500,5,0,0,4.85075,0,0,-0.000507832,0,0,0,0,0,0,0,0,0,0,0,0,0,0,0,0,0,0
1770054008474,31,501,5,0,0,4.85075,0,0,-0.00047946,0,0,0,0,0,0,0,0,0,0,0,0,0,0,0,0,0,0
1770054008475,32,500,5,0,0,4.87257,0,0,-0.000501394,0,0,0,0,0,0,0,0,0,0,0,0,0,0,0,0,0,0
1770054008475,33,501,5,0,0,4.86322,0,0,-0.000504255,0,0,0,0,0,0,0,0,0,0,0,0,0,0,0,0,0,0
1770054008476,34,500,5,0,0,4.82582,0,0,-0.000489473,0,0,0,0,0,0,0,0,0,0,0,0,0,0,0,0,0,0
1770054008476,35,500,5,0,0,4.85387,0,0,-0.000511885,0,0,0,0,0,0,0,0,0,0,0,0,0,0,0,0,0,0
1770054008477,36,500,5,0,0,4.81335,0,0,-0.000503302,0,0,0,0,0,0,0,0,0,0,0,0,0,0,0,0,0,0
1770054008477,37,500,5,0,0,4.81335,0,0,-0.000475645,0,0,0,0,0,0,0,0,0,0,0,0,0,0,0,0,0,0
1770054008479,38,500,5,0,0,4.79464,0,0,-0.000510931,0,0,0,0,0,0,0,0,0,0,0,0,0,0,0,0,0,0
1770054008479,39,500,5,0,0,4.78217,0,0,-0.000511885,0,0,0,0,0,0,0,0,0,0,0,0,0,0,0,0,0,0
1770054008479,40,500,5,0,0,4.84452,0,0,-0.000490427,0,0,0,0,0,0,0,0,0,0,0,0,0,0,0,0,0,0
1770054008479,41,500,5,0,0,4.81646,0,0,-0.000504971,0,0,0,0,0,0,0,0,0,0,0,0,0,0,0,0,0,0
1770054008480,42,500,5,0,0,4.87569,0,0,-0.000502825,0,0,0,0,0,0,0,0,0,0,0,0,0,0,0,0,0,0
1770054008480,43,500,5,0,0,4.90998,0,0,-0.000473261,0,0,0,0,0,0,0,0,0,0,0,0,0,0,0,0,0,0
1770054008481,44,501,5,0,0,4.8944,0,0,-0.000505686,0,0,0,0,0,0,0,0,0,0,0,0,0,0,0,0,0,0
1770054008481,45,500,5,0,0,4.86322,0,0,-0.000504255,0,0,0,0,0,0,0,0,0,0,0,0,0,0,0,0,0,0
1770054008482,46,501,5,0,0,4.81958,0,0,-0.000489235,0,0,0,0,0,0,0,0,0,0,0,0,0,0,0,0,0,0
1770054008482,47,500,5,0,0,4.88816,0,0,-0.000517845,0,0,0,0,0,0,0,0,0,0,0,0,0,0,0,0,0,0
1770054008483,48,501,5,0,0,4.96298,0,0,-0.000509977,0,0,0,0,0,0,0,0,0,0,0,0,0,0,0,0,0,0
1770054008483,49,500,5,0,0,4.85075,0,0,-0.000488043,0,0,0,0,0,0,0,0,0,0,0,0,0,0,0,0,0,0
1770054008484,50,500,5,0,0,4.79464,0,0,-0.000513554,0,0,0,0,0,0,0,0,0,0,0,0,0,0,0,0,0,0
1770054008484,51,500,5,0,0,4.88193,0,0,-0.000494957,0,0,0,0,0,0,0,0,0,0,0,0,0,0,0,0,0,0
1770054008485,52,500,5,0,0,4.80088,0,0,-0.000486374,0,0,0,0,0,0,0,0,0,0,0,0,0,0,0,0,0,0
1770054008485,53,500,5,0,0,4.85699,0,0,-0.000509501,0,0,0,0,0,0,0,0,0,0,0,0,0,0,0,0,0,0
1770054008486,54,500,5,0,0,4.91933,0,0,-0.000509262,0,0,0,0,0,0,0,0,0,0,0,0,0,0,0,0,0,0
1770054008486,55,500,5,0,0,4.81335,0,0,-0.000475168,0,0,0,0,0,0,0,0,0,0,0,0,0,0,0,0,0,0
1770054008487,56,500,5,0,0,4.85699,0,0,-0.000504971,0,0,0,0,0,0,0,0,0,0,0,0,0,0,0,0,0,0
1770054008487,57,500,5,0,0,4.91933,0,0,-0.000499487,0,0,0,0,0,0,0,0,0,0,0,0,0,0,0,0,0,0
1770054008488,58,500,5,0,0,4.79776,0,0,-0.000491858,0,0,0,0,0,0,0,0,0,0,0,0,0,0,0,0,0,0
1770054008488,59,501,5,0,0,4.83828,0,0,-0.000510693,0,0,0,0,0,0,0,0,0,0,0,0,0,0,0,0,0,0
1770054008489,60,500,5,0,0,4.8944,0,0,-0.000510931,0,0,0,0,0,0,0,0,0,0,0,0,0,0,0,0,0,0
1770054008489,61,501,5,0,0,4.87257,0,0,-0.000478506,0,0,0,0,0,0,0,0,0,0,0,0,0,0,0,0,0,0
1770054008490,62,500,5,0,0,4.82582,0,0,-0.000509262,0,0,0,0,0,0,0,0,0,0,0,0,0,0,0,0,0,0
1770054008490,63,500,5,0,0,4.91933,0,0,-0.00049758,0,0,0,0,0,0,0,0,0,0,0,0,0,0,0,0,0,0
1770054008491,0,500,5,0,0,4.83517,0,0,-0.000496149,0,0,0,0,0,0,0,0,0,0,0,0,0,0,0,0,0,0
1770054008491,1,500,5,0,0,4.7697,0,0,-0.000499487,0,0,0,0,0,0,0,0,0,0,0,0,0,0,0,0,0,0
1770054008492,2,500,5,0,0,4.92557,0,0,-0.000493288,0,0,0,0,0,0,0,0,0,0,0,0,0,0,0,0,0,0
1770054008492,3,500,5,0,0,4.76347,0,0,-0.000482321,0,0,0,0,0,0,0,0,0,0,0,0,0,0,0,0,0,0
1770054008493,4,500,5,0,0,4.81958,0,0,-0.000505209,0,0,0,0,0,0,0,0,0,0,0,0,0,0,0,0,0,0
1770054008493,5,500,5,0,0,4.751,0,0,-0.000490427,0,0,0,0,0,0,0,0,0,0,0,0,0,0,0,0,0,0
1770054008494,6,500,5,0,0,4.79464,0,0,-0.00049901,0,0,0,0,0,0,0,0,0,0,0,0,0,0,0,0,0,0
1770054008494,7,500,5,0,0,4.90998,0,0,-0.000509024,0,0,0,0,0,0,0,0,0,0,0,0,0,0,0,0,0,0
1770054008495,8,500,5,0,0,4.85387,0,0,-0.000487089,0,0,0,0,0,0,0,0,0,0,0,0,0,0,0,0,0,0
1770054008495,9,500,5,0,0,4.77906,0,0,-0.00048995,0,0,0,0,0,0,0,0,0,0,0,0,0,0,0,0,0,0
1770054008497,10,500,5,0,0,4.76035,0,0,-0.000504255,0,0,0,0,0,0,0,0,0,0,0,0,0,0,0,0,0,0
1770054008497,11,500,5,0,0,4.83828,0,0,-0.000490427,0,0,0,0,0,0,0,0,0,0,0,0,0,0,0,0,0,0
1770054008498,12,501,5,0,0,4.87257,0,0,-0.000504732,0,0,0,0,0,0,0,0,0,0,0,0,0,0,0,0,0,0
1770054008498,13,500,5,0,0,4.83517,0,0,-0.000501394,0,0,0,0,0,0,0,0,0,0,0,0,0,0,0,0,0,0
1770054008499,14,501,5,0,0,4.83205,0,0,-0.00047636,0,0,0,0,0,0,0,0,0,0,0,0,0,0,0,0,0,0
1770054008499,15,500,5,0,0,4.92557,0,0,-0.000499964,0,0,0,0,0,0,0,0,0,0,0,0,0,0,0,0,0,0
1770054008500,16,500,5,0,0,4.79776,0,0,-0.000505686,0,0,0,0,0,0,0,0,0,0,0,0,0,0,0,0,0,0
1770054008500,17,500,5,0,0,4.90998,0,0,-0.000489235,0,0,0,0,0,0,0,0,0,0,0,0,0,0,0,0,0,0
1770054008501,18,500,5,0,0,4.81958,0,0,-0.000510931,0,0,0,0,0,0,0,0,0,0,0,0,0,0,0,0,0,0
1770054008501,19,500,5,0,0,4.79776,0,0,-0.00050354,0,0,0,0,0,0,0,0,0,0,0,0,0,0,0,0,0,0
1770054008502,20,500,5,0,0,4.96921,0,0,-0.000476122,0,0,0,0,0,0,0,0,0,0,0,0,0,0,0,0,0,0
1770054008502,21,500,5,0,0,4.84452,0,0,-0.00050807,0,0,0,0,0,0,0,0,0,0,0,0,0,0,0,0,0,0
1770054008503,22,500,5,0,0,4.83517,0,0,-0.000510931,0,0,0,0,0,0,0,0,0,0,0,0,0,0,0,0,0,0
1770054008503,23,500,5,0,0,4.87569,0,0,-0.00048852,0,0,0,0,0,0,0,0,0,0,0,0,0,0,0,0,0,0
1770054008504,24,500,5,0,0,4.8944,0,0,-0.000509501,0,0,0,0,0,0,0,0,0,0,0,0,0,0,0,0,0,0
1770054008504,25,500,5,0,0,4.80711,0,0,-0.000500917,0,0,0,0,0,0,0,0,0,0,0,0,0,0,0,0,0,0
1770054008505,26,500,5,0,0,4.77594,0,0,-0.000473261,0,0,0,0,0,0,0,0,0,0,0,0,0,0,0,0,0,0
1770054008505,27,500,5,0,0,4.83828,0,0,-0.00050211,0,0,0,0,0,0,0,0,0,0,0,0,0,0,0,0,0,0
1770054008506,28,500,5,0,0,4.81335,0,0,-0.000507832,0,0,0,0,0,0,0,0,0,0,0,0,0,0,0,0,0,0
1770054008506,29,501,5,0,0,4.84452,0,0,-0.000487089,0,0,0,0,0,0,0,0,0,0,0,0,0,0,0,0,0,0
1770054008507,30,500,5,0,0,4.78841,0,0,-0.000510454,0,0,0,0,0,0,0,0,0,0,0,0,0,0,0,0,0,0
1770054008507,31,501,5,0,0,4.83205,0,0,-0.000502348,0,0,0,0,0,0,0,0,0,0,0,0,0,0,0,0,0,0
1770054008508,32,500,5,0,0,4.79464,0,0,-0.000466585,0,0,0,0,0,0,0,0,0,0,0,0,0,0,0,0,0,0
1770054008508,33,500,5,0,0,4.81958,0,0,-0.000503778,0,0,0,0,0,0,0,0,0,0,0,0,0,0,0,0,0,0
1770054008509,34,500,5,0,0,4.80711,0,0,-0.000502825,0,0,0,0,0,0,0,0,0,0,0,0,0,0,0,0,0,0
1770054008509,35,500,5,0,0,4.85699,0,0,-0.000486374,0,0,0,0,0,0,0,0,0,0,0,0,0,0,0,0,0,0
1770054008510,36,500,5,0,0,4.87569,0,0,-0.00050807,0,0,0,0,0,0,0,0,0,0,0,0,0,0,0,0,0,0
1770054008510,37,500,5,0,0,4.87257,0,0,-0.000507593,0,0,0,0,0,0,0,0,0,0,0,0,0,0,0,0,0,0
1770054008511,38,500,5,0,0,4.88193,0,0,-0.0004704,0,0,0,0,0,0,0,0,0,0,0,0,0,0,0,0,0,0
1770054008511,39,500,5,0,0,4.89128,0,0,-0.000501871,0,0,0,0,0,0,0,0,0,0,0,0,0,0,0,0,0,0
1770054008512,40,500,5,0,0,4.88193,0,0,-0.000494719,0,0,0,0,0,0,0,0,0,0,0,0,0,0,0,0,0,0
1770054008512,41,500,5,0,0,4.84452,0,0,-0.000482321,0,0,0,0,0,0,0,0,0,0,0,0,0,0,0,0,0,0
1770054008513,42,500,5,0,0,4.80088,0,0,-0.000507593,0,0,0,0,0,0,0,0,0,0,0,0,0,0,0,0,0,0
1770054008513,43,500,5,0,0,4.79464,0,0,-0.000506639,0,0,0,0,0,0,0,0,0,0,0,0,0,0,0,0,0,0
1770054008514,44,500,5,0,0,4.7697,0,0,-0.000466108,0,0,0,0,0,0,0,0,0,0,0,0,0,0,0,0,0,0
1770054008514,45,500,5,0,0,4.75723,0,0,-0.000506163,0,0,0,0,0,0,0,0,0,0,0,0,0,0,0,0,0,0
1770054008515,46,501,5,0,0,4.81958,0,0,-0.000498056,0,0,0,0,0,0,0,0,0,0,0,0,0,0,0,0,0,0
1770054008515,47,500,5,0,0,4.90063,0,0,-0.000484228,0,0,0,0,0,0,0,0,0,0,0,0,0,0,0,0,0,0
1770054008516,48,501,5,0,0,4.85699,0,0,-0.000508547,0,0,0,0,0,0,0,0,0,0,0,0,0,0,0,0,0,0
1770054008516,49,500,5,0,0,4.89128,0,0,-0.000510931,0,0,0,0,0,0,0,0,0,0,0,0,0,0,0,0,0,0
1770054008517,50,501,5,0,0,4.90063,0,0,-0.000481844,0,0,0,0,0,0,0,0,0,0,0,0,0,0,0,0,0,0
1770054008517,51,500,5,0,0,5.0035,0,0,-0.000512362,0,0,0,0,0,0,0,0,0,0,0,0,0,0,0,0,0,0
1770054008517,52,500,5,0,0,4.76035,0,0,-0.00050211,0,0,0,0,0,0,0,0,0,0,0,0,0,0,0,0,0,0
1770054008517,53,500,5,0,0,4.78841,0,0,-0.00048089,0,0,0,0,0,0,0,0,0,0,0,0,0,0,0,0,0,0
1770054008518,54,500,5,0,0,4.90063,0,0,-0.000507116,0,0,0,0,0,0,0,0,0,0,0,0,0,0,0,0,0,0
1770054008518,55,500,5,0,0,4.87569,0,0,-0.00050807,0,0,0,0,0,0,0,0,0,0,0,0,0,0,0,0,0,0
1770054008519,56,500,5,0,0,4.90687,0,0,-0.000474215,0,0,0,0,0,0,0,0,0,0,0,0,0,0,0,0,0,0
1770054008519,57,500,5,0,0,4.85699,0,0,-0.00050211,0,0,0,0,0,0,0,0,0,0,0,0,0,0,0,0,0,0
1770054008520,58,500,5,0,0,4.86322,0,0,-0.000496149,0,0,0,0,0,0,0,0,0,0,0,0,0,0,0,0,0,0
1770054008520,59,500,5,0,0,4.83517,0,0,-0.000486374,0,0,0,0,0,0,0,0,0,0,0,0,0,0,0,0,0,0
1770054008521,60,500,5,0,0,4.82582,0,0,-0.000498056,0,0,0,0,0,0,0,0,0,0,0,0,0,0,0,0,0,0
1770054008521,61,501,5,0,0,4.81958,0,0,-0.000501871,0,0,0,0,0,0,0,0,0,0,0,0,0,0,0,0,0,0
1770054008522,62,500,5,0,0,4.81958,0,0,-0.000474691,0,0,0,0,0,0,0,0,0,0,0,0,0,0,0,0,0,0
1770054008522,63,501,5,0,0,4.91933,0,0,-0.000500441,0,0,0,0,0,0,0,0,0,0,0,0,0,0,0,0,0,0
1770054008523,0,500,5,0,0,4.85387,0,0,-0.000487804,0,0,0,0,0,0,0,0,0,0,0,0,0,0,0,0,0,0
1770054008523,1,500,5,0,0,4.80088,0,0,-0.000483274,0,0,0,0,0,0,0,0,0,0,0,0,0,0,0,0,0,0
1770054008524,2,500,5,0,0,4.88816,0,0,-0.000496387,0,0,0,0,0,0,0,0,0,0,0,0,0,0,0,0,0,0
1770054008524,3,500,5,0,0,4.90687,0,0,-0.00048852,0,0,0,0,0,0,0,0,0,0,0,0,0,0,0,0,0,0
1770054008525,4,500,5,0,0,4.80711,0,0,-0.000503302,0,0,0,0,0,0,0,0,0,0,0,0,0,0,0,0,0,0
1770054008525,5,500,5,0,0,4.91933,0,0,-0.00050354,0,0,0,0,0,0,0,0,0,0,0,0,0,0,0,0,0,0
1770054008526,6,500,5,0,0,4.88193,0,0,-0.000482798,0,0,0,0,0,0,0,0,0,0,0,0,0,0,0,0,0,0
1770054008526,7,500,5,0,0,4.88193,0,0,-0.000508547,0,0,0,0,0,0,0,0,0,0,0,0,0,0,0,0,0,0
1770054008527,8,500,5,0,0,4.86322,0,0,-0.000503778,0,0,0,0,0,0,0,0,0,0,0,0,0,0,0,0,0,0
1770054008527,9,500,5,0,0,4.8944,0,0,-0.00048089,0,0,0,0,0,0,0,0,0,0,0,0,0,0,0,0,0,0
1770054008528,10,500,5,0,0,4.88193,0,0,-0.000492811,0,0,0,0,0,0,0,0,0,0,0,0,0,0,0,0,0,0
1770054008528,11,500,5,0,0,4.77594,0,0,-0.000500441,0,0,0,0,0,0,0,0,0,0,0,0,0,0,0,0,0,0
1770054008529,12,500,5,0,0,4.7697,0,0,-0.000487089,0,0,0,0,0,0,0,0,0,0,0,0,0,0,0,0,0,0
1770054008529,13,500,5,0,0,4.751,0,0,-0.000512838,0,0,0,0,0,0,0,0,0,0,0,0,0,0,0,0,0,0
1770054008530,14,501,5,0,0,4.83828,0,0,-0.000506163,0,0,0,0,0,0,0,0,0,0,0,0,0,0,0,0,0,0
1770054008530,15,500,5,0,0,4.78841,0,0,-0.000473499,0,0,0,0,0,0,0,0,0,0,0,0,0,0,0,0,0,0
1770054008531,16,501,5,0,0,4.80711,0,0,-0.000499487,0,0,0,0,0,0,0,0,0,0,0,0,0,0,0,0,0,0
1770054008531,17,500,5,0,0,4.85699,0,0,-0.000516415,0,0,0,0,0,0,0,0,0,0,0,0,0,0,0,0,0,0
1770054008533,18,501,5,0,0,4.80711,0,0,-0.000486612,0,0,0,0,0,0,0,0,0,0,0,0,0,0,0,0,0,0
1770054008533,19,500,5,0,0,4.86322,0,0,-0.000503778,0,0,0,0,0,0,0,0,0,0,0,0,0,0,0,0,0,0
1770054008533,20,500,5,0,0,4.90687,0,0,-0.000504732,0,0,0,0,0,0,0,0,0,0,0,0,0,0,0,0,0,0
1770054008533,21,500,5,0,0,4.88816,0,0,-0.000477791,0,0,0,0,0,0,0,0,0,0,0,0,0,0,0,0,0,0
1770054008534,22,500,5,0,0,4.83517,0,0,-0.000503302,0,0,0,0,0,0,0,0,0,0,0,0,0,0,0,0,0,0
1770054008534,23,500,5,0,0,4.80088,0,0,-0.000499487,0,0,0,0,0,0,0,0,0,0,0,0,0,0,0,0,0,0
1770054008535,24,500,5,0,0,4.87569,0,0,-0.000487566,0,0,0,0,0,0,0,0,0,0,0,0,0,0,0,0,0,0
1770054008535,25,500,5,0,0,4.86322,0,0,-0.000500679,0,0,0,0,0,0,0,0,0,0,0,0,0,0,0,0,0,0
1770054008536,26,500,5,0,0,4.90687,0,0,-0.000499487,0,0,0,0,0,0,0,0,0,0,0,0,0,0,0,0,0,0
1770054008536,27,500,5,0,0,5.01909,0,0,-0.000476122,0,0,0,0,0,0,0,0,0,0,0,0,0,0,0,0,0,0
1770054008537,28,500,5,0,0,4.78217,0,0,-0.000509501,0,0,0,0,0,0,0,0,0,0,0,0,0,0,0,0,0,0
1770054008537,29,500,5,0,0,4.90998,0,0,-0.000498533,0,0,0,0,0,0,0,0,0,0,0,0,0,0,0,0,0,0
1770054008538,30,500,5,0,0,4.85699,0,0,-0.00048995,0,0,0,0,0,0,0,0,0,0,0,0,0,0,0,0,0,0
1770054008538,31,500,5,0,0,4.83517,0,0,-0.00050807,0,0,0,0,0,0,0,0,0,0,0,0,0,0,0,0,0,0
1770054008539,32,500,5,0,0,4.81335,0,0,-0.000499249,0,0,0,0,0,0,0,0,0,0,0,0,0,0,0,0,0,0
1770054008539,33,501,5,0,0,4.83828,0,0,-0.000474691,0,0,0,0,0,0,0,0,0,0,0,0,0,0,0,0,0,0
1770054008540,34,500,5,0,0,4.90998,0,0,-0.000515699,0,0,0,0,0,0,0,0,0,0,0,0,0,0,0,0,0,0
1770054008540,35,501,5,0,0,4.87569,0,0,-0.00050807,0,0,0,0,0,0,0,0,0,0,0,0,0,0,0,0,0,0
1770054008541,36,500,5,0,0,4.90063,0,0,-0.000488043,0,0,0,0,0,0,0,0,0,0,0,0,0,0,0,0,0,0
1770054008541,37,501,5,0,0,4.79464,0,0,-0.000508547,0,0,0,0,0,0,0,0,0,0,0,0,0,0,0,0,0,0
1770054008542,38,500,5,0,0,4.81958,0,0,-0.00050354,0,0,0,0,0,0,0,0,0,0,0,0,0,0,0,0,0,0
1770054008542,39,500,5,0,0,4.85699,0,0,-0.000468969,0,0,0,0,0,0,0,0,0,0,0,0,0,0,0,0,0,0
1770054008543,40,500,5,0,0,4.86322,0,0,-0.000512362,0,0,0,0,0,0,0,0,0,0,0,0,0,0,0,0,0,0
1770054008543,41,500,5,0,0,4.96298,0,0,-0.000506163,0,0,0,0,0,0,0,0,0,0,0,0,0,0,0,0,0,0
1770054008544,42,500,5,0,0,4.80088,0,0,-0.000493765,0,0,0,0,0,0,0,0,0,0,0,0,0,0,0,0,0,0
1770054008544,43,500,5,0,0,4.81335,0,0,-0.000516176,0,0,0,0,0,0,0,0,0,0,0,0,0,0,0,0,0,0
1770054008545,44,500,5,0,0,4.81646,0,0,-0.000507593,0,0,0,0,0,0,0,0,0,0,0,0,0,0,0,0,0,0
1770054008545,45,500,5,0,0,4.86322,0,0,-0.000481367,0,0,0,0,0,0,0,0,0,0,0,0,0,0,0,0,0,0
1770054008546,46,500,5,0,0,4.7697,0,0,-0.000509977,0,0,0,0,0,0,0,0,0,0,0,0,0,0,0,0,0,0
1770054008546,47,500,5,0,0,4.83828,0,0,-0.000490904,0,0,0,0,0,0,0,0,0,0,0,0,0,0,0,0,0,0
1770054008548,48,500,5,0,0,4.87257,0,0,-0.000480652,0,0,0,0,0,0,0,0,0,0,0,0,0,0,0,0,0,0
1770054008548,49,500,5,0,0,4.76347,0,0,-0.00050211,0,0,0,0,0,0,0,0,0,0,0,0,0,0,0,0,0,0
1770054008549,50,501,5,0,0,4.80088,0,0,-0.000500441,0,0,0,0,0,0,0,0,0,0,0,0,0,0,0,0,0,0
1770054008549,51,500,5,0,0,4.83828,0,0,-0.000482082,0,0,0,0,0,0,0,0,0,0,0,0,0,0,0,0,0,0
1770054008549,52,501,5,0,0,4.92869,0,0,-0.000504971,0,0,0,0,0,0,0,0,0,0,0,0,0,0,0,0,0,0
1770054008550,53,500,5,0,0,4.86946,0,0,-0.00049901,0,0,0,0,0,0,0,0,0,0,0,0,0,0,0,0,0,0
1770054008550,54,500,5,0,0,4.70424,0,0,-0.000493526,0,0,0,0,0,0,0,0,0,0,0,0,0,0,0,0,0,0
1770054008551,55,507,5,0,0,4.76035,0,0,-0.000505209,0,0,0,0,0,0,0,0,0,0,0,0,0,0,0,0,0,0
1770054008551,56,493,5,0,0,4.76347,0,0,-0.00050354,0,0,0,0,0,0,0,0,0,0,0,0,0,0,0,0,0,0
1770054008552,57,500,5,0,0,4.79464,0,0,-0.000486135,0,0,0,0,0,0,0,0,0,0,0,0,0,0,0,0,0,0
1770054008552,58,499,5,0,0,4.84452,0,0,-0.000506639,0,0,0,0,0,0,0,0,0,0,0,0,0,0,0,0,0,0
1770054008553,59,501,5,0,0,4.751,0,0,-0.000483513,0,0,0,0,0,0,0,0,0,0,0,0,0,0,0,0,0,0
1770054008553,60,499,5,0,0,4.84452,0,0,-0.000497103,0,0,0,0,0,0,0,0,0,0,0,0,0,0,0,0,0,0
1770054008554,61,501,5,0,0,4.85699,0,0,-0.000509024,0,0,0,0,0,0,0,0,0,0,0,0,0,0,0,0,0,0
1770054008554,62,499,5,0,0,4.90063,0,0,-0.000484705,0,0,0,0,0,0,0,0,0,0,0,0,0,0,0,0,0,0
1770054008555,63,500,5,0,0,4.80088,0,0,-0.00050354,0,0,0,0,0,0,0,0,0,0,0,0,0,0,0,0,0,0
1770054008555,0,499,5,0,0,4.77594,0,0,-0.000510693,0,0,0,0,0,0,0,0,0,0,0,0,0,0,0,0,0,0
1770054008556,1,500,5,0,0,4.7697,0,0,-0.00048089,0,0,0,0,0,0,0,0,0,0,0,0,0,0,0,0,0,0
1770054008556,2,499,5,0,0,4.73853,0,0,-0.000500441,0,0,0,0,0,0,0,0,0,0,0,0,0,0,0,0,0,0
1770054008557,3,500,5,0,0,4.72606,0,0,-0.000504732,0,0,0,0,0,0,0,0,0,0,0,0,0,0,0,0,0,0
1770054008557,4,499,5,0,0,4.77906,0,0,-0.000490427,0,0,0,0,0,0,0,0,0,0,0,0,0,0,0,0,0,0
1770054008558,5,501,5,0,0,4.88816,0,0,-0.00050211,0,0,0,0,0,0,0,0,0,0,0,0,0,0,0,0,0,0
1770054008558,6,499,5,0,0,4.84452,0,0,-0.000504255,0,0,0,0,0,0,0,0,0,0,0,0,0,0,0,0,0,0
1770054008559,7,501,5,0,0,4.77906,0,0,-0.000481844,0,0,0,0,0,0,0,0,0,0,0,0,0,0,0,0,0,0
1770054008559,8,500,5,0,0,4.75723,0,0,-0.000506401,0,0,0,0,0,0,0,0,0,0,0,0,0,0,0,0,0,0
1770054008560,9,501,5,0,0,4.80088,0,0,-0.000504971,0,0,0,0,0,0,0,0,0,0,0,0,0,0,0,0,0,0
1770054008560,10,500,5,0,0,4.78841,0,0,-0.000479221,0,0,0,0,0,0,0,0,0,0,0,0,0,0,0,0,0,0
1770054008561,11,501,5,0,0,4.86322,0,0,-0.000505686,0,0,0,0,0,0,0,0,0,0,0,0,0,0,0,0,0,0
1770054008561,12,500,5,0,0,4.72606,0,0,-0.000497818,0,0,0,0,0,0,0,0,0,0,0,0,0,0,0,0,0,0
1770054008562,13,501,5,0,0,4.90687,0,0,-0.000484705,0,0,0,0,0,0,0,0,0,0,0,0,0,0,0,0,0,0
1770054008562,14,500,5,0,0,4.80711,0,0,-0.000509024,0,0,0,0,0,0,0,0,0,0,0,0,0,0,0,0,0,0
1770054008563,15,501,5,0,0,4.96609,0,0,-0.000503778,0,0,0,0,0,0,0,0,0,0,0,0,0,0,0,0,0,0
1770054008563,16,500,5,0,0,4.88193,0,0,-0.000477552,0,0,0,0,0,0,0,0,0,0,0,0,0,0,0,0,0,0
1770054008564,17,501,5,0,0,4.84452,0,0,-0.000513792,0,0,0,0,0,0,0,0,0,0,0,0,0,0,0,0,0,0
1770054008564,18,500,5,0,0,4.74165,0,0,-0.00050807,0,0,0,0,0,0,0,0,0,0,0,0,0,0,0,0,0,0
1770054008565,19,501,5,0,0,4.81646,0,0,-0.000480652,0,0,0,0,0,0,0,0,0,0,0,0,0,0,0,0,0,0
1770054008565,20,500,5,0,0,4.83205,0,0,-0.000507116,0,0,0,0,0,0,0,0,0,0,0,0,0,0,0,0,0,0
1770054008566,21,501,5,0,0,4.80088,0,0,-0.000500441,0,0,0,0,0,0,0,0,0,0,0,0,0,0,0,0,0,0
1770054008566,22,500,5,0,0,4.87569,0,0,-0.000473261,0,0,0,0,0,0,0,0,0,0,0,0,0,0,0,0,0,0
1770054008567,23,501,5,0,0,4.87569,0,0,-0.000506401,0,0,0,0,0,0,0,0,0,0,0,0,0,0,0,0,0,0
